CSISofficeName	CSISofficeName.PBL
0000 HQ HQ     ARCENT CFLCC HQ	0000 HQ HQ     ARCENT CFLCC HQ
0005 SC HHC    HHC SIGNAL COMM	0005 SC HHC    HHC SIGNAL COMM
00-ALC/CCB	00-ALC/CCB
0308 PO CO     DET 7	0308 PO CO     DET 7
0408 AQ HQ	0408 AQ HQ
0408 AQ HQ     HQ PARC	0408 AQ HQ     HQ PARC
0408 AQ HQ     KUWAIT	0408 AQ HQ     KUWAIT
0409 AQ HQ	0409 AQ HQ
0409 AQ HQ     HQ X1 HQ PARC	0409 AQ HQ     HQ X1 HQ PARC
0410 AQ HQ	0410 AQ HQ
0411 AQ HQ     HQ PARC	0411 AQ HQ     HQ PARC
0413 AQ HQ	0413 AQ HQ
0413 AQ HQ     HQ PARC	0413 AQ HQ     HQ PARC
0414 AQ HQ     HQ PARC	0414 AQ HQ     HQ PARC
0414 AQ HQ     HQ X1 HQ PARC	0414 AQ HQ     HQ X1 HQ PARC
1 CONS/CC	1 CONS/CC
10 ABW/LGC	10 ABW/LGC
11 CONS/LGCW	11 CONS/LGCW
12 CONS/CC	12 CONS/CC
14 CONS/CC	14 CONS/CC
15 CONS/LGC MGMT ANL & SPT FLGHT	15 CONS/LGC MGMT ANL & SPT FLGHT
16 CONS/LGC	16 CONS/LGC
17 CONS/CC	17 CONS/CC
18 CONS/LGC MGMT ANLY & SPT FLGT	18 CONS/LGC MGMT ANLY & SPT FLGT
2 CONS/LGLC	2 CONS/LGLC
20 CONS/CC	20 CONS/CC
21 CONS/LGC	21 CONS/LGC
22 CONS/LGC	22 CONS/LGC
28 CONS/CC	28 CONS/CC
3 CONS/LGC MGMT ANL & SUPT FLGHT	3 CONS/LGC MGMT ANL & SUPT FLGHT
30 CONS/LGC	30 CONS/LGC
305 CONS/LGC	305 CONS/LGC
30TH  NAVAL CONSTRUCTION REG DET	30TH  NAVAL CONSTRUCTION REG DET
314 CONS/CC	314 CONS/CC
319 CONS/LGC	319 CONS/LGC
325 CONS/CC	325 CONS/CC
341 CONS/LGC	341 CONS/LGC
347 CONS/CC	347 CONS/CC
354TH CONS/LGC MGMT ANL & SPT FT	354TH CONS/LGC MGMT ANL & SPT FT
355 CONS/CC	355 CONS/CC
36 CONS/LGC MGMT ANL & SPT FLGHT	36 CONS/LGC MGMT ANL & SPT FLGHT
366 CONS/CC	366 CONS/CC
37 CONS/CC	37 CONS/CC
375 CONS/LGC	375 CONS/LGC
377 CONS/LGC	377 CONS/LGC
379 AEW/ECONS/LGCC5	379 AEW/ECONS/LGCC5
38 LS/LGC	38 LS/LGC
4 CONS/CC	4 CONS/CC
42 CONS/CC	42 CONS/CC
"423 ABS/LGC RAF  ALCONBURY, UK"	"423 ABS/LGC RAF  ALCONBURY, UK"
43 CONS/LGC	43 CONS/LGC
434 LSS/LGC	434 LSS/LGC
436 CONS/LGC	436 CONS/LGC
437 CONS/LGC	437 CONS/LGC
439 LSS/LGC	439 LSS/LGC
45 CONS/LGC	45 CONS/LGC
47 CONS/CC	47 CONS/CC
"48 CONS/LGC    FELTWELL, ENGLAND"	"48 CONS/LGC    FELTWELL, ENGLAND"
482 LSS/LGC	482 LSS/LGC
49 CONS/CC	49 CONS/CC
5 CONS/CC	5 CONS/CC
50 CONS/LGCW	50 CONS/LGCW
509 CONS/CC	509 CONS/CC
55 CONS/CC	55 CONS/CC
56 CONS/CC	56 CONS/CC
6 CONS/LGC	6 CONS/LGC
60 CONS/LGC	60 CONS/LGC
61CONS/LGC	61CONS/LGC
62 CONS/LGC	62 CONS/LGC
668 LS/ILC	668 LS/ILC
7 CONS/CC	7 CONS/CC
"700 CONS/LGC  ROB, GERMANY"	"700 CONS/LGC  ROB, GERMANY"
71 FTW/CVC	71 FTW/CVC
81 CONS/LGC	81 CONS/LGC
82 CONS/CC	82 CONS/CC
821SPTS/LGC	821SPTS/LGC
89 CONS/LGC	89 CONS/LGC
8TH MARINE CORPS DISTRICT	8TH MARINE CORPS DISTRICT
9 CONS/CC	9 CONS/CC
90 CONS/LGCW	90 CONS/LGCW
914 AW/LGC	914 AW/LGC
92 CONS/LGC	92 CONS/LGC
97 CONS/CC	97 CONS/CC
99 CONS/CC	99 CONS/CC
AAC/PK  AF DEVELOPMENT TEST CENT	AAC/PK  AF DEVELOPMENT TEST CENT
AAC/PKO  OPERATIONAL CONTRACTING	AAC/PKO  OPERATIONAL CONTRACTING
AAC/PKR	AAC/PKR
AAC/PKZ	AAC/PKZ
AAC/WMK	AAC/WMK
AAC/YAK	AAC/YAK
AAC/YHK	AAC/YHK
AAC/YUK	AAC/YUK
AAC/YVK	AAC/YVK
"ACA, 5TH SIGNAL COMMAND"	"ACA, 5TH SIGNAL COMMAND"
"ACA, ABERDEEN PROVING GROUND"	"ACA, ABERDEEN PROVING GROUND"
"ACA, ARMY BASEOPS SUPPORT ACTIVI"	"ACA, ARMY BASEOPS SUPPORT ACTIVI"
"ACA, DUGWAY PROVING GROUND"	"ACA, DUGWAY PROVING GROUND"
"ACA, FORT BENNING"	"ACA, FORT BENNING"
"ACA, FORT BLISS"	"ACA, FORT BLISS"
"ACA, FORT BRAGG"	"ACA, FORT BRAGG"
"ACA, FORT CAMPBELL"	"ACA, FORT CAMPBELL"
"ACA, FORT CARSON"	"ACA, FORT CARSON"
"ACA, FORT DIX"	"ACA, FORT DIX"
"ACA, FORT DRUM"	"ACA, FORT DRUM"
"ACA, FORT GORDON"	"ACA, FORT GORDON"
"ACA, FORT HOOD"	"ACA, FORT HOOD"
"ACA, FORT HUACHUCA"	"ACA, FORT HUACHUCA"
"ACA, FORT IRWIN"	"ACA, FORT IRWIN"
"ACA, FORT JACKSON"	"ACA, FORT JACKSON"
"ACA, FORT KNOX"	"ACA, FORT KNOX"
"ACA, FORT LEWIS"	"ACA, FORT LEWIS"
"ACA, FORT MCCOY"	"ACA, FORT MCCOY"
"ACA, FORT POLK"	"ACA, FORT POLK"
"ACA, FORT RICHARDSON"	"ACA, FORT RICHARDSON"
"ACA, FORT RILEY"	"ACA, FORT RILEY"
"ACA, FORT RUCKER"	"ACA, FORT RUCKER"
"ACA, FORT SAM HOUSTON"	"ACA, FORT SAM HOUSTON"
"ACA, FORT SHAFTER"	"ACA, FORT SHAFTER"
"ACA, FORT SILL"	"ACA, FORT SILL"
"ACA, FORT STEWART"	"ACA, FORT STEWART"
"ACA, ITEC4"	"ACA, ITEC4"
"ACA, N. REGION CONTRACTING CENTE"	"ACA, N. REGION CONTRACTING CENTE"
"ACA, NATICK"	"ACA, NATICK"
"ACA, OPARC"	"ACA, OPARC"
"ACA, PRESIDIO OF MONTEREY"	"ACA, PRESIDIO OF MONTEREY"
"ACA, SOUTH REGION CONTRACTING CT"	"ACA, SOUTH REGION CONTRACTING CT"
"ACA, U.S. MILITARY ACADEMY"	"ACA, U.S. MILITARY ACADEMY"
"ACA, WHITE SANDS MISSILE RANGE"	"ACA, WHITE SANDS MISSILE RANGE"
"ACA, YUMA PROVING GROUND"	"ACA, YUMA PROVING GROUND"
AEDC/PK  ENGINEERING DEVELOPMENT	AEDC/PK  ENGINEERING DEVELOPMENT
AEDC/PKM OPER CONTRACT DIVISION	AEDC/PKM OPER CONTRACT DIVISION
AEDC/PKP ENGINEERING DEVELOPMENT	AEDC/PKP ENGINEERING DEVELOPMENT
AEDC/PKP R&D CONTRACTS	AEDC/PKP R&D CONTRACTS
AETC CONS/CC	AETC CONS/CC
AFFTC/PKB  R & D CONTRACTING DIV	AFFTC/PKB  R & D CONTRACTING DIV
AFFTC/PKRA R&D CONTRACTS FTC	AFFTC/PKRA R&D CONTRACTS FTC
AFLOAT MEDIA SYSTEMS	AFLOAT MEDIA SYSTEMS
AFPRO BOWING MILITARY AIRPLAINESP.O. BOX 773	AFPRO BOWING MILITARY AIRPLAINESP.O. BOX 773
AFRL/IFK	AFRL/IFK
AFRL/IFKO	AFRL/IFKO
AFRL/IFKRD	AFRL/IFKRD
AFRL/IFKRE	AFRL/IFKRE
AFRL/IFKRF	AFRL/IFKRF
AFRL/IFQPB	AFRL/IFQPB
AFRL/MLKH HUMAN EFFECTIVENESS BR	AFRL/MLKH HUMAN EFFECTIVENESS BR
AFRL/MLKM METALS CONTRACTING BRN	AFRL/MLKM METALS CONTRACTING BRN
AFRL/MLKN NONMETALS CONTRACTING	AFRL/MLKN NONMETALS CONTRACTING
AFRL/MLKT MANUFACTURING TECH	AFRL/MLKT MANUFACTURING TECH
AFRL/MNK	AFRL/MNK
AFRL/PK	AFRL/PK
AFRL/PKD DET 1	AFRL/PKD DET 1
AFRL/PKDA DET 1	AFRL/PKDA DET 1
AFRL/PKDB DET 1	AFRL/PKDB DET 1
AFRL/PKNA DET 1	AFRL/PKNA DET 1
AFRL/PRKA AEROSPACE POWER FUELS	AFRL/PRKA AEROSPACE POWER FUELS
AFRL/PRKB  ADVANCED PROPULSION	AFRL/PRKB  ADVANCED PROPULSION
AFRL/PRKC	AFRL/PRKC
AFRL/SNKD INFORMATION/SENSOR APP	AFRL/SNKD INFORMATION/SENSOR APP
AFRL/SNKE AEROSPACE COMPONENTS	AFRL/SNKE AEROSPACE COMPONENTS
AFRL/SNKR ATR/RF SENSORS BRANCH	AFRL/SNKR ATR/RF SENSORS BRANCH
AFRL/VAK AIR VEHICLES CONTRACTNG	AFRL/VAK AIR VEHICLES CONTRACTNG
AFSAC/PK	AFSAC/PK
AGMC/PK	AGMC/PK
AIRBORNE COMMAND AND CONTROL	AIRBORNE COMMAND AND CONTROL
AMC/CONF/LGC	AMC/CONF/LGC
AMPHIBIOUS CONSTRUCTION BATTALIO	AMPHIBIOUS CONSTRUCTION BATTALIO
AMPHIBIOUS GROUP 2	AMPHIBIOUS GROUP 2
ANTILLES CONSOLIDATED SCHOOL SYS	ANTILLES CONSOLIDATED SCHOOL SYS
ARCENT CONTRACTING OFFICE	ARCENT CONTRACTING OFFICE
ARCO VINCENZA	ARCO VINCENZA
ARMY ATLANTA CONTRACTING CENTER	ARMY ATLANTA CONTRACTING CENTER
ASC/AEKA	ASC/AEKA
ASC/CDSK	ASC/CDSK
ASC/DET 1	ASC/DET 1
ASC/EMK	ASC/EMK
ASC/FBH	ASC/FBH
ASC/FBK	ASC/FBK
ASC/GR	ASC/GR
"ASC/JLSC   BLDG 15, RM 133-B"	"ASC/JLSC   BLDG 15, RM 133-B"
ASC/LPK  BLDG 28 ROOM 207	ASC/LPK  BLDG 28 ROOM 207
ASC/LYTDK	ASC/LYTDK
ASC/OL-VXK	ASC/OL-VXK
ASC/OL-YGK	ASC/OL-YGK
ASC/OL-YHK	ASC/OL-YHK
ASC/OL-YMK	ASC/OL-YMK
ASC/OL-YUK	ASC/OL-YUK
ASC/PK	ASC/PK
ASC/PK AERONAUTICAL SYSTEMS CTR	ASC/PK AERONAUTICAL SYSTEMS CTR
ASC/PKG	ASC/PKG
ASC/PKHF	ASC/PKHF
ASC/PKN	ASC/PKN
ASC/PKW	ASC/PKW
ASC/PKWO	ASC/PKWO
ASC/PKWR	ASC/PKWR
ASC/PKWT	ASC/PKWT
ASC/RWKR	ASC/RWKR
ASC/SDBK	ASC/SDBK
ASC/SMKA	ASC/SMKA
ASC/SMKN	ASC/SMKN
ASC/TMK	ASC/TMK
ASC/VCK	ASC/VCK
ASC/VFK	ASC/VFK
ASC/VXK	ASC/VXK
ASC/YCK	ASC/YCK
ASC/YFK	ASC/YFK
ASC/YPK	ASC/YPK
ASC/YSK	ASC/YSK
ASC/YTK	ASC/YTK
ASC/YWK	ASC/YWK
ASIA-PACIFIC CENTER FOR SECURITY	ASIA-PACIFIC CENTER FOR SECURITY
ATLANTIC FLEET HEADQUARTERS SUPP	ATLANTIC FLEET HEADQUARTERS SUPP
ATLANTIC FLEET WEAPONS TRAINING	ATLANTIC FLEET WEAPONS TRAINING
AVIATION APPLIED TECHNOLOGY	AVIATION APPLIED TECHNOLOGY
BEACHMASTER UNIT 2	BEACHMASTER UNIT 2
BEACHMASTER UNIT TWO	BEACHMASTER UNIT TWO
BLUE GRASS ARMY DEPOT PROCUREMEN	BLUE GRASS ARMY DEPOT PROCUREMEN
BUREAU OF MEDICINE AND SURGERY	BUREAU OF MEDICINE AND SURGERY
CAMP LEMONIER DJIBOUTI	CAMP LEMONIER DJIBOUTI
CAPITOL CONTRACTING CENTER	CAPITOL CONTRACTING CENTER
CARLISLE BARRACKS	CARLISLE BARRACKS
CARRIER AIRBORNE EARLY WARNING	CARRIER AIRBORNE EARLY WARNING
CARRIER STRIKE GROUP 12	CARRIER STRIKE GROUP 12
CDR US NAVAL FORCES CENTRAL COMMAND	CDR US NAVAL FORCES CENTRAL COMMAND
CDR US PACIFIC COMMAND USPACOM	CDR US PACIFIC COMMAND USPACOM
CENEODDIVE LEARNING SITE GLKS	CENEODDIVE LEARNING SITE GLKS
CENTER FOR EXPLOSIVE ORDNANCE	CENTER FOR EXPLOSIVE ORDNANCE
CENTER FOR INFORMATION DOMINANCE	CENTER FOR INFORMATION DOMINANCE
CENTER FOR PERSONAL AND	CENTER FOR PERSONAL AND
CENTER FOR SEAL SWCC	CENTER FOR SEAL SWCC
CENTER FOR SECURITY FORCES	CENTER FOR SECURITY FORCES
CENTER FOR SERVICE SUPPORT	CENTER FOR SERVICE SUPPORT
CENTER FOR SURFACE COMBAT SYSTEMS	CENTER FOR SURFACE COMBAT SYSTEMS
CENTER OF EXCELLENCE IN DISASTER	CENTER OF EXCELLENCE IN DISASTER
CHIEF OF NAVAL AIR TRAINING	CHIEF OF NAVAL AIR TRAINING
CHIEF OF NAVAL PERSONNEL	CHIEF OF NAVAL PERSONNEL
COASTAL RIVERINE GROUP ONE	COASTAL RIVERINE GROUP ONE
COASTAL RIVERINE GROUP TWO	COASTAL RIVERINE GROUP TWO
DLA AVIATION COLUMBUS OH	OTHER
COMB JT TASK FORCE HORN OF AFRICA	COMB JT TASK FORCE HORN OF AFRICA
COMBAT DIRECTION SYSTEMS ACTIVIT	COMBAT DIRECTION SYSTEMS ACTIVIT
COMMANDER	COMMANDER
COMMANDER DLIFLC & POM	COMMANDER DLIFLC & POM
COMMANDER FLEET ACT SASEBO JAPAN	COMMANDER FLEET ACT SASEBO JAPAN
COMMANDER FLEET ACT YOKOSUKA JAPAN	COMMANDER FLEET ACT YOKOSUKA JAPAN
COMMANDER FLEET ACTIVITY CHINHAE	COMMANDER FLEET ACTIVITY CHINHAE
COMMANDER FLEET CYBER CMD - OPS 3	COMMANDER FLEET CYBER CMD - OPS 3
COMMANDER NAVAL AIR FORCE	COMMANDER NAVAL AIR FORCE
COMMANDER NAVAL AIR FORCE PAC FLEET	COMMANDER NAVAL AIR FORCE PAC FLEET
COMMANDER SUBMARINE FORCE	COMMANDER SUBMARINE FORCE
COMMANDER SUBMARINE GROUP 7	COMMANDER SUBMARINE GROUP 7
COMMANDER US NAVAL FORCES KOREA	COMMANDER US NAVAL FORCES KOREA
COMMANDING GENERAL	COMMANDING GENERAL
COMMANDING GENERAL (M68450)	COMMANDING GENERAL (M68450)
COMMANDING OFFICER	COMMANDING OFFICER
COMMANDING OFFICER TMO	COMMANDING OFFICER TMO
COMNAVMARIANAS DET CAT GUAM	COMNAVMARIANAS DET CAT GUAM
COMNAVREG EURAFSWA NAPLES IT	COMNAVREG EURAFSWA NAPLES IT
COMNAVRESFOR	COMNAVRESFOR
COMPTROLLER	COMPTROLLER
CONS/LGC	CONS/LGC
CONSTRUCTION BATTALION CENTER	CONSTRUCTION BATTALION CENTER
CONTRACTING OFFICE	CONTRACTING OFFICE
CONTRACTING OFFICER	CONTRACTING OFFICER
CORPUS CHRISTI ARMY DEPOT	CORPUS CHRISTI ARMY DEPOT
CSF LEARNING SITE SERE WEST	CSF LEARNING SITE SERE WEST
DAVID TAYLOR NAVAL SHIP R&D CTR	DAVID TAYLOR NAVAL SHIP R&D CTR
DAVIS TAYLOR NAVAL SHIP R&D CTR	DAVIS TAYLOR NAVAL SHIP R&D CTR
DCMA PROCUREMENT CENTER BOSTON	DCMA PROCUREMENT CENTER BOSTON
DCMA PROCUREMENT CENTER CARSON	DCMA PROCUREMENT CENTER CARSON
DCMC LOCKHEED MARTIN DEFENSE SYS	DCMC LOCKHEED MARTIN DEFENSE SYS
DCMC LOCKHEED MARTIN MISSILES &	DCMC LOCKHEED MARTIN MISSILES &
DEF CONTRACT MGMT DISTRICT NE	DEF CONTRACT MGMT DISTRICT NE
DEF CONTRACT MGMT DISTRICT WEST	DEF CONTRACT MGMT DISTRICT WEST
DEF. CONTRACT. CMD. - WASHINGTON	DEF. CONTRACT. CMD. - WASHINGTON
DEFENSE ACTIVITY FOR	DEFENSE ACTIVITY FOR
DEFENSE ACTIVITY FOR NON-TRADITI	DEFENSE ACTIVITY FOR NON-TRADITI
DEFENSE CONTRACT MANAGEMENT - GF	DEFENSE CONTRACT MANAGEMENT - GF
DEFENSE CONTRACT MANAGEMENT - LO	DEFENSE CONTRACT MANAGEMENT - LO
DEFENSE CONTRACT MANAGEMENT AGENCY	DEFENSE CONTRACT MANAGEMENT AGENCY
DEFENSE CONTRACT MANAGEMENT AREA	DEFENSE CONTRACT MANAGEMENT AREA
DEFENSE CONTRACT MANAGEMENT DIVI	DEFENSE CONTRACT MANAGEMENT DIVI
DEFENSE CONTRACT MANAGMENT OFFICE	DEFENSE CONTRACT MANAGMENT OFFICE
DEFENSE DISTRIBUTION REGION WEST	DEFENSE DISTRIBUTION REGION WEST
DEFENSE ENERGY SUPPORT CENTER	DEFENSE ENERGY SUPPORT CENTER
"DEFENSE PLANT MANAGEMENT OFFICE,"	"DEFENSE PLANT MANAGEMENT OFFICE,"
DEFENSE PLANT REPRESENTATIVE OFF	DEFENSE PLANT REPRESENTATIVE OFF
DEFENSE SUPPLY CENTER RICHMOND	DEFENSE SUPPLY CENTER RICHMOND
DEPLOYMENT SUPPORT COMMAND (EAST	DEPLOYMENT SUPPORT COMMAND (EAST
DEPLOYMENT SUPPORT COMMAND (WEST	DEPLOYMENT SUPPORT COMMAND (WEST
DEPT OF AGRIC/FOOD SAFETY AND INSPECT SVC	DEPT OF AGRIC/FOOD SAFETY AND INSPECT SVC
DES DRMS CONTRACTING SERVICES OFC	DES DRMS CONTRACTING SERVICES OFC
DES DSCP CONTRACTING SERVICES OFC	DES DSCP CONTRACTING SERVICES OFC
DET 1 21 CONS	DET 1 21 CONS
DET 1 AFRL/PK	DET 1 AFRL/PK
DET 1 AFRL/PKQ ACQUISITION TECH.	DET 1 AFRL/PKQ ACQUISITION TECH.
DET 8 AFRL/PK	DET 8 AFRL/PK
DET 8 AFRL/PK (SUPPORTS VS)	DET 8 AFRL/PK (SUPPORTS VS)
DET 8 AFRL/PKO	DET 8 AFRL/PKO
"DET 8, AFRL/PK (SUPPORTS DE)"	"DET 8, AFRL/PK (SUPPORTS DE)"
"DET 8, AFRL/PK (SUPPORTS OTHER)"	"DET 8, AFRL/PK (SUPPORTS OTHER)"
DIR. OF CONTRACTING	DIR. OF CONTRACTING
DIRECTOR SUBMARINE FORCE US	DIRECTOR SUBMARINE FORCE US
DIRECTORATE OF CONTRACTING	DIRECTORATE OF CONTRACTING
DIRECTORATE OF PENINSULA CONTRG	DIRECTORATE OF PENINSULA CONTRG
DLA BSM-ENTERPRISE SITE OF BOSS	DLA BSM-ENTERPRISE SITE OF BOSS
DLA CONTRACTING SERVICES OFFICE	DLA CONTRACTING SERVICES OFFICE
DLA CONTRACTING SVCS OFF COLUMBUS	DLA CONTRACTING SVCS OFF COLUMBUS
DLA DEF REUTILIZATION MKTG SERVICE	DLA DEF REUTILIZATION MKTG SERVICE
DLA DISPOSITION SERVICES	DLA DISPOSITION SERVICES
DLA DISPOSITION SERVICES -  EBS	DLA DISPOSITION SERVICES -  EBS
DLA DISPOSITION SERVICES - EBS	DLA DISPOSITION SERVICES - EBS
DLA DISPOSITION SERVICES - PACIFIC	DLA DISPOSITION SERVICES - PACIFIC
DLA DISPOSITION SERVICES J-761	DLA DISPOSITION SERVICES J-761
DLA DISTRIBUTION	DLA DISTRIBUTION
DLA DOCUMENT SERVICES	DLA DOCUMENT SERVICES
DLA DOCUMENT SERVICES - BANGOR	DLA DOCUMENT SERVICES - BANGOR
DLA DOCUMENT SERVICES RAMSTEIN	DLA DOCUMENT SERVICES RAMSTEIN
"DLA DOCUMENT SERVICES, PEARL HARBOR"	"DLA DOCUMENT SERVICES, PEARL HARBOR"
DLA ENERGY	DLA ENERGY
DLA ENERGY AEROSPACE ENRGY-DLAE-M	DLA ENERGY AEROSPACE ENRGY-DLAE-M
DLA LAND AND MARI SUPP OPER	DLA LAND AND MARI SUPP OPER
DLA LAND AND MARITIME	DLA LAND AND MARITIME
DLA LAND AND MARITIME - ALBANY	DLA LAND AND MARITIME - ALBANY
DLA LAND AND MARITIME SUPPLIER	DLA LAND AND MARITIME SUPPLIER
DLA LAND AT ABERDEEN	DLA LAND AT ABERDEEN
DLA LAND WARREN	DLA LAND WARREN
DLA LOGISTICS INFORMATION SERVICE	DLA LOGISTICS INFORMATION SERVICE
DLA MARITIME - NORFOLK	DLA MARITIME - NORFOLK
DLA MARITIME - PEARL HARBOR	DLA MARITIME - PEARL HARBOR
DLA MARITIME - PORTSMOUTH	DLA MARITIME - PORTSMOUTH
DLA MARITIME - PUGET SOUND	DLA MARITIME - PUGET SOUND
DLA STRATEGIC MATERIALS	DLA STRATEGIC MATERIALS
DLA SUPPORT SERVICES - DSS	DLA SUPPORT SERVICES - DSS
DLA TROOP SUPPORT	DLA TROOP SUPPORT
DLA TROOP SUPPORT C&E	DLA TROOP SUPPORT C&E
DLA TROOP SUPPORT C&E (CLASS IV)	DLA TROOP SUPPORT C&E (CLASS IV)
DLA TROOP SUPPORT C&E (FES)	DLA TROOP SUPPORT C&E (FES)
DLA TROOP SUPPORT C&E (HVAC)	DLA TROOP SUPPORT C&E (HVAC)
DLA TROOP SUPPORT C&E (LGHTNG I)	DLA TROOP SUPPORT C&E (LGHTNG I)
DLA TROOP SUPPORT C&E (LGTNG II)	DLA TROOP SUPPORT C&E (LGTNG II)
DLA TROOP SUPPORT C&E (MAT&ME)	DLA TROOP SUPPORT C&E (MAT&ME)
DLA TROOP SUPPORT C&E (SOE)	DLA TROOP SUPPORT C&E (SOE)
DLA TROOP SUPPORT C&E CONTAINERS	DLA TROOP SUPPORT C&E CONTAINERS
DLA TROOP SUPPORT C&E HARDWARE	DLA TROOP SUPPORT C&E HARDWARE
DLA TROOP SUPPORT C&E MANU&CON	DLA TROOP SUPPORT C&E MANU&CON
DLA TROOP SUPPORT C&E SMSG CORP	DLA TROOP SUPPORT C&E SMSG CORP
DLA TROOP SUPPORT C&E T&IFO EQ	DLA TROOP SUPPORT C&E T&IFO EQ
DLA TROOP SUPPORT DIR OF SUB	DLA TROOP SUPPORT DIR OF SUB
DLA TROOP SUPPORT EUROPE&AFRICA	DLA TROOP SUPPORT EUROPE&AFRICA
DLA TROOP SUPPORT EUROPEAN REGION	DLA TROOP SUPPORT EUROPEAN REGION
DLA TROOP SUPPORT MEDICAL SUPPLY CH	DLA TROOP SUPPORT MEDICAL SUPPLY CH
DLA TROOP SUPPORT MEDICAL SUPPLY CHAIN FSA	DLA TROOP SUPPORT MEDICAL SUPPLY CHAIN FSA
DLA TROOP SUPPORT MEDICAL SUPPLY CHAIN FSG	DLA TROOP SUPPORT MEDICAL SUPPLY CHAIN FSG
DLA TROOP SUPPORT PACIFIC	DLA TROOP SUPPORT PACIFIC
DLA TROOP SUPPORT PACIFIC REGION	DLA TROOP SUPPORT PACIFIC REGION
DLA TROOP SUPPORT SUBSISTENCE SUPPLY CHAIN	DLA TROOP SUPPORT SUBSISTENCE SUPPLY CHAIN
DOD/DEPARTMENT OF THE AIR FORCE	DOD/DEPARTMENT OF THE AIR FORCE
DOD/DEPARTMENT OF THE NAVY	DOD/DEPARTMENT OF THE NAVY
DON ASSISTANT FOR ADMINISTRATION	DON ASSISTANT FOR ADMINISTRATION
DON/AA	DON/AA
DWIGHT DAVID EISENHOWER MED CENT	DWIGHT DAVID EISENHOWER MED CENT
ELECTRONIC ATTACK SQUADRON VAQ 129	ELECTRONIC ATTACK SQUADRON VAQ 129
ELECTRONIC SYSTEMS COMMAND	ELECTRONIC SYSTEMS COMMAND
ESC/ACK	ESC/ACK
ESC/AWK	ESC/AWK
ESC/CXK	ESC/CXK
ESC/DI	ESC/DI
ESC/DIAK	ESC/DIAK
ESC/DIBK	ESC/DIBK
ESC/DIGK	ESC/DIGK
ESC/DIK	ESC/DIK
ESC/DISK	ESC/DISK
ESC/FD	ESC/FD
ESC/FXK	ESC/FXK
ESC/GAK	ESC/GAK
ESC/IAK	ESC/IAK
ESC/IYK	ESC/IYK
ESC/JSK	ESC/JSK
ESC/MAK	ESC/MAK
ESC/MCK	ESC/MCK
ESC/NDK	ESC/NDK
ESC/PK  ELECTRONICS SYSTEM CTR	ESC/PK  ELECTRONICS SYSTEM CTR
ESC/PKO	ESC/PKO
ESC/PKR R & D CONTRACTING	ESC/PKR R & D CONTRACTING
ESC/PKX CUSTOMER SUPPORT TEAM	ESC/PKX CUSTOMER SUPPORT TEAM
ESC/SRK	ESC/SRK
ESC/TNK	ESC/TNK
EURO-HSSA	EURO-HSSA
EXPEDITIONARY COMBAT CAMERA	EXPEDITIONARY COMBAT CAMERA
EXPEDITIONARY COMBAT READINESS CTR	EXPEDITIONARY COMBAT READINESS CTR
EXPLOSIVE ORDNANCE DISPOSAL GROU	EXPLOSIVE ORDNANCE DISPOSAL GROU
EXPLOSIVE ORDNANCE DISPOSAL GROUP 1	EXPLOSIVE ORDNANCE DISPOSAL GROUP 1
EXPLOSIVE ORDNANCE DISPOSAL GROUP 2	EXPLOSIVE ORDNANCE DISPOSAL GROUP 2
EXPLOSIVE ORDNANCE DISPOSAL MOBI	EXPLOSIVE ORDNANCE DISPOSAL MOBI
FA0021 AFICA 765 SCONF	FA0021 AFICA 765 SCONF
FA1500  55 CONS LGCD	FA1500  55 CONS LGCD
FA2103  STRATEGIC SYST AAC EBB	FA2103  STRATEGIC SYST AAC EBB
FA2263  AFLCMC WNMRP	FA2263  AFLCMC WNMRP
FA2330  ESC 851 ELSG PK	FA2330  ESC 851 ELSG PK
FA2486  AFTC PZZ	FA2486  AFTC PZZ
FA2487  AFTC PZIE EGLIN	FA2487  AFTC PZIE EGLIN
FA2517  21 CONS LGC	FA2517  21 CONS LGC
FA2521  45 CONS LGC	FA2521  45 CONS LGC
FA2523  DET 1 21 CON SQ	FA2523  DET 1 21 CON SQ
FA2543  460 CONF LGC	FA2543  460 CONF LGC
FA2550  50 CONS LGCP	FA2550  50 CONS LGCP
FA2816 SMC PKO	FA2816 SMC PKO
FA2823  AFTC PZIO	FA2823  AFTC PZIO
FA2835  AFLCMC HANSCOM PZI	FA2835  AFLCMC HANSCOM PZI
FA2860  11 CONS LGC	FA2860  11 CONS LGC
FA3002  338 SCONS CC	FA3002  338 SCONS CC
FA3010  81 CONS CC	FA3010  81 CONS CC
FA3016  502 CONS CL            JBSA	FA3016  502 CONS CL            JBSA
FA3020  82 CONS LGC	FA3020  82 CONS LGC
FA3022  14 CONS LGCA	FA3022  14 CONS LGCA
FA3029  71 FTW CVC        VANCE AFB	FA3029  71 FTW CVC        VANCE AFB
FA3030  17 CONS CC	FA3030  17 CONS CC
FA3047  802 CONS CC JBSA	FA3047  802 CONS CC JBSA
FA3089  902 CONS LGC           JBSA	FA3089  902 CONS LGC           JBSA
FA3099  47 CONS-CC	FA3099  47 CONS-CC
FA3300  42 CONS CC	FA3300  42 CONS CC
FA4407  375 CONS LGC	FA4407  375 CONS LGC
FA4416  316 CONS LGC	FA4416  316 CONS LGC
FA4417  1 SOCONS LGC	FA4417  1 SOCONS LGC
FA4418  628 CONS LGC	FA4418  628 CONS LGC
FA4419  97 CONS CC	FA4419  97 CONS CC
FA4424  60 CS SCQ	FA4424  60 CS SCQ
FA4427  60 CONS LGC	FA4427  60 CONS LGC
FA4428  USTRANSCOM TCAQ	FA4428  USTRANSCOM TCAQ
FA4452  763 SCONS PKP	FA4452  763 SCONS PKP
FA4460  19 CONS LGC	FA4460  19 CONS LGC
FA4479  62 CONS LGC	FA4479  62 CONS LGC
FA4484  87 CONS LGC	FA4484  87 CONS LGC
FA4486  65 CONS DA LGC	FA4486  65 CONS DA LGC
FA4488  43 CONS LGC	FA4488  43 CONS LGC
FA4497  436 CONS LGC	FA4497  436 CONS LGC
FA4521  HQ ACC A7K	FA4521  HQ ACC A7K
FA4528  5 CONS LGCP	FA4528  5 CONS LGCP
FA4600  55 CONS LGC	FA4600  55 CONS LGC
FA4608 2 CONS LGCP	FA4608 2 CONS LGCP
FA4610  30 CONS LGC	FA4610  30 CONS LGC
FA4613  90 CONS LGC	FA4613  90 CONS LGC
FA4620  92 CONS LGC	FA4620  92 CONS LGC
FA4621  22 CONS LGC	FA4621  22 CONS LGC
FA4625  509 CONS CC	FA4625  509 CONS CC
FA4626  341 CONS  LGC	FA4626  341 CONS  LGC
FA4654  434 CONF LGC	FA4654  434 CONF LGC
FA4659  319 CONS LGC	FA4659  319 CONS LGC
FA4661  7 CONS CD	FA4661  7 CONS CD
FA4664  452 LG LGC	FA4664  452 LG LGC
FA4686  9 CONS LGC	FA4686  9 CONS LGC
FA4690  28 CONS LGC	FA4690  28 CONS LGC
FA4800  633 CONS LGCP	FA4800  633 CONS LGCP
FA4801  49 CONS LGCP	FA4801  49 CONS LGCP
FA4803  20 CONS LGCA	FA4803  20 CONS LGCA
FA4809 4TH CONS SQDN/CC	FA4809 4TH CONS SQDN/CC
FA4814  6 CONS LGCP	FA4814  6 CONS LGCP
FA4819 325TH CONTRACTING SQ	FA4819 325TH CONTRACTING SQ
FA4830  23 CONS CC	FA4830  23 CONS CC
FA4855  27 LGS LGC	FA4855  27 LGS LGC
FA4861  99 CONS LGC	FA4861  99 CONS LGC
FA4877  355 CONS LGC	FA4877  355 CONS LGC
FA4883  USAFCENT LGS	FA4883  USAFCENT LGS
FA4884  65 CONS  OL A DA LGC	FA4884  65 CONS  OL A DA LGC
FA4885  HQ USMTM LGC	FA4885  HQ USMTM LGC
FA4887  56 CONS CC	FA4887  56 CONS CC
FA4889  USAFCENT A7KZ	FA4889  USAFCENT A7KZ
FA4890  ACC AMIC	FA4890  ACC AMIC
FA4897  366 CONS LGCP	FA4897  366 CONS LGCP
FA5000  673 CONS LGC	FA5000  673 CONS LGC
FA5004  354 CONS LGC	FA5004  354 CONS LGC
FA5205  35 CONS LGC	FA5205  35 CONS LGC
FA5209  374 CONS LGC	FA5209  374 CONS LGC
FA5215  766 SCONS PKP	FA5215  766 SCONS PKP
FA5234  PACAF HQ A7K	FA5234  PACAF HQ A7K
FA5240  36 CONS LGC	FA5240  36 CONS LGC
FA5270  18 CONS LGC	FA5270  18 CONS LGC
FA5422  HQ USAFE A7KO	FA5422  HQ USAFE A7KO
FA5504  USAFE  DA LGC	FA5504  USAFE  DA LGC
FA5531  425 ABS DA LGC	FA5531  425 ABS DA LGC
FA5570  423 ABS DA LGC	FA5570  423 ABS DA LGC
FA5575  496 ABS PK DA LGC	FA5575  496 ABS PK DA LGC
FA5581  421 ABG DA LGC	FA5581  421 ABG DA LGC
FA5587  48 CONS DA LGC	FA5587  48 CONS DA LGC
FA5606  52 CONS DA LGC	FA5606  52 CONS DA LGC
FA5613  700 CONS LGC	FA5613  700 CONS LGC
FA5641  764 SCONS LGC	FA5641  764 SCONS LGC
FA5682  31 CONS DA LGC	FA5682  31 CONS DA LGC
FA5685  39 CONS DA LGC	FA5685  39 CONS DA LGC
FA5700  3 AF A7K	FA5700  3 AF A7K
FA5702  379 ECONS	FA5702  379 ECONS
FA5703  386 ECONS LGC	FA5703  386 ECONS LGC
FA5706  380 ECONS	FA5706  380 ECONS
FA5707  376 ECONS	FA5707  376 ECONS
FA5708 64 ESS CONS	FA5708 64 ESS CONS
FA5709  405 ESPTS LGC	FA5709  405 ESPTS LGC
FA5710  1 ERHG CONS	FA5710  1 ERHG CONS
FA5808  407 AEG ECONS	FA5808  407 AEG ECONS
FA6605  440 AW LGC  GEN MITCHEL ARS	FA6605  440 AW LGC  GEN MITCHEL ARS
FA6606  439 CONF LGC	FA6606  439 CONF LGC
FA6633  934 AG LGC	FA6633  934 AG LGC
FA6637  913 AG LGC	FA6637  913 AG LGC
FA6643  HQ AFRES LGC	FA6643  HQ AFRES LGC
FA6648  482 LSS LGC	FA6648  482 LSS LGC
FA6656  910 AW LGC  YNGSTN WRN ARPT	FA6656  910 AW LGC  YNGSTN WRN ARPT
FA6670  914 AW LGC	FA6670  914 AW LGC
FA6675  301 LRS LGC	FA6675  301 LRS LGC
FA6703  94 LG LGC	FA6703  94 LG LGC
FA6712  911 AW LGC	FA6712  911 AW LGC
FA6800  HQ AFGSC A7K	FA6800  HQ AFGSC A7K
FA7000  10 CONS LGC	FA7000  10 CONS LGC
FA7012  11 CONS LGC	FA7012  11 CONS LGC
FA7014  AFDW PK	FA7014  AFDW PK
FA7022  AF ISR AGENCY A7KR	FA7022  AF ISR AGENCY A7KR
FA7037  AF ISR AGENCY A7K	FA7037  AF ISR AGENCY A7K
FA7046  HQ AFOTEC A 7K	FA7046  HQ AFOTEC A 7K
FA8003  AFICA DD	FA8003  AFICA DD
FA8051  772 ESS PKD	FA8051  772 ESS PKD
FA8052  773 ESS PK	FA8052  773 ESS PK
FA8053  773 ESS PKJ MSCC	FA8053  773 ESS PKJ MSCC
FA8054  771 ESS EGF FPCC	FA8054  771 ESS EGF FPCC
FA8055  771 ESS EGI ITCC	FA8055  771 ESS EGI ITCC
FA8056  771 ESS EGA CECC	FA8056  771 ESS EGA CECC
FA8057  771 ESS EGC FCC	FA8057  771 ESS EGC FCC
FA8075  ESG PKS	FA8075  ESG PKS
FA8100  AFSC PZIEC	FA8100  AFSC PZIEC
FA8101  AFSC PZIO	FA8101  AFSC PZIO
FA8102  AFLCMC HBSK	FA8102  AFLCMC HBSK
FA8103  448 ACSG PK	FA8103  448 ACSG PK
FA8104  848 SCMG PK         NON CFT	FA8104  848 SCMG PK         NON CFT
FA8105  AFLCMC WKKPA	FA8105  AFLCMC WKKPA
FA8106  AFLCMC WLKL	FA8106  AFLCMC WLKL
FA8107  AFLCMC WWKA	FA8107  AFLCMC WWKA
FA8108  AFSC PZIE	FA8108  AFSC PZIE
FA8109  AFSC PZAAC	FA8109  AFSC PZAAC
FA8110  AFLCMC WWZK	FA8110  AFLCMC WWZK
FA8112  AFSC PZIMB	FA8112  AFSC PZIMB
FA8117  AFSC  PZABA	FA8117  AFSC  PZABA
FA8118  AFSC PZABB	FA8118  AFSC PZABB
FA8119  AFSC PZABC	FA8119  AFSC PZABC
FA8120 AFSC PZABA	FA8120 AFSC PZABA
FA8121  AFSC PZAAA	FA8121  AFSC PZAAA
FA8122  AFSC PZAAB	FA8122  AFSC PZAAB
FA8123  448 SCMG PKBI	FA8123  448 SCMG PKBI
FA8124  AFLCMC LPKPB	FA8124  AFLCMC LPKPB
FA8125  AFSC PZIMA	FA8125  AFSC PZIMA
FA8126  AFSC PZIMB	FA8126  AFSC PZIMB
FA8127  AFSC PZAC	FA8127  AFSC PZAC
FA8128  AFLCMC HBKKC	FA8128  AFLCMC HBKKC
FA8129  AFSC PZCAA	FA8129  AFSC PZCAA
FA8130  AFLCMC WLKLA	FA8130  AFLCMC WLKLA
FA8131  AFLCMC WLKLC	FA8131  AFLCMC WLKLC
FA8200  AFSC PZ PK	FA8200  AFSC PZ PK
FA8201  OL H  PZIO	FA8201  OL H  PZIO
FA8202  AFLCMC WWAK	FA8202  AFLCMC WWAK
FA8203  AFSC PZAAB2	FA8203  AFSC PZAAB2
FA8204  AFNWC PZBA	FA8204  AFNWC PZBA
FA8205  AFLCMC WWUKH	FA8205  AFLCMC WWUKH
FA8206  AFSC PZAAA2	FA8206  AFSC PZAAA2
FA8207  84 CBSG PKS	FA8207  84 CBSG PKS
FA8208  AFSC PZAC	FA8208  AFSC PZAC
FA8209  AFSC OL H PKXC	FA8209  AFSC OL H PKXC
FA8210  AFLCMC PZZKA	FA8210  AFLCMC PZZKA
FA8211  AFLCMC WLDKAB	FA8211  AFLCMC WLDKAB
FA8212  AFSC PZABA2	FA8212  AFSC PZABA2
FA8213  AFLCMC EBHK	FA8213  AFLCMC EBHK
FA8214  AFNWC PZBE AND PZBF	FA8214  AFNWC PZBE AND PZBF
FA8217  AFLCMC PZZK	FA8217  AFLCMC PZZK
FA8218  AFLCMC PZZKB	FA8218  AFLCMC PZZKB
FA8219  AFNWC PZBA	FA8219  AFNWC PZBA
FA8220  AFLCMC WLDKAA	FA8220  AFLCMC WLDKAA
FA8221  AFLCMC WLDK EB	FA8221  AFLCMC WLDK EB
FA8222  AFSC PZIE	FA8222  AFSC PZIE
FA8223  AFLCMC WLDK HN	FA8223  AFLCMC WLDK HN
FA8224  OL H  PZI PZIM	FA8224  OL H  PZI PZIM
FA8232  AFLCMC WWMK	FA8232  AFLCMC WWMK
FA8250  AFSC PZAAA1	FA8250  AFSC PZAAA1
FA8251  AFSC PZABB	FA8251  AFSC PZABB
FA8252  AFSC PZAAB1	FA8252  AFSC PZAAB1
FA8307  AFLCMC HNCK C3IN	FA8307  AFLCMC HNCK C3IN
FA8500 AFSC PK	FA8500 AFSC PK
FA8501  AFSC PZIO	FA8501  AFSC PZIO
FA8503  AFSC PZCA	FA8503  AFSC PZCA
FA8504  AFLCMC WLKCA	FA8504  AFLCMC WLKCA
FA8505  AFLCMC WWKA	FA8505  AFLCMC WWKA
FA8509  AFLCMC WIUKA	FA8509  AFLCMC WIUKA
FA8517  AFSC PZAAC	FA8517  AFSC PZAAC
FA8518  AFLCMC WNKBAA	FA8518  AFLCMC WNKBAA
FA8519  AFLCMC WNKBBA	FA8519  AFLCMC WNKBBA
FA8520  AFLCMC EBHA	FA8520  AFLCMC EBHA
FA8522 AFSC PZABB	FA8522 AFSC PZABB
FA8523  AFLCMC WNKCA	FA8523  AFLCMC WNKCA
FA8524  AFSC PZAAA	FA8524  AFSC PZAAA
FA8525  AFLCMC WLSK	FA8525  AFLCMC WLSK
FA8526  AFLCMC WLMK	FA8526  AFLCMC WLMK
FA8527  AFLCMC HBKAB	FA8527  AFLCMC HBKAB
FA8528  AFLCMC WIKBA	FA8528  AFLCMC WIKBA
FA8529  AFLCMC HBKAA	FA8529  AFLCMC HBKAA
FA8530  AFSC PZIE	FA8530  AFSC PZIE
FA8531 742 CBSG GBKB	FA8531 742 CBSG GBKB
FA8532  AFLCMC WNKBAB	FA8532  AFLCMC WNKBAB
FA8533  AFLCMC WNKBBB	FA8533  AFLCMC WNKBBB
FA8534  AFLCMC WNKBAC	FA8534  AFLCMC WNKBAC
FA8535 405 SCMS GULC	FA8535 405 SCMS GULC
FA8536 408 SCMS GULC	FA8536 408 SCMS GULC
FA8537 409 SCMS GUMD	FA8537 409 SCMS GUMD
FA8538  AFSC PZAAB	FA8538  AFSC PZAAB
FA8539  AFSC PZABA	FA8539  AFSC PZABA
FA8540  AFLCMC WNKCB	FA8540  AFLCMC WNKCB
FA8549  448 SCMG PKHD	FA8549  448 SCMG PKHD
FA8550  448 SCMG PKHA	FA8550  448 SCMG PKHA
FA8552  AFLCMC WIUKB	FA8552  AFLCMC WIUKB
FA8553  AFLCMC WLKCB	FA8553  AFLCMC WLKCB
FA8554  AFLCMC EBKA	FA8554  AFLCMC EBKA
FA8555  AFLCMC HBKAC	FA8555  AFLCMC HBKAC
FA8571  AFSC PZIO MXW	FA8571  AFSC PZIO MXW
FA8601  AFLCMC PZIO	FA8601  AFLCMC PZIO
FA8602 AFLCMC PKF	FA8602 AFLCMC PKF
FA8604 AFLCMC PZI	FA8604 AFLCMC PZI
FA8606 AFLCMC WNUK	FA8606 AFLCMC WNUK
FA8607 AFLCMC WWSK	FA8607 AFLCMC WWSK
FA8609 AFLCMC WKK	FA8609 AFLCMC WKK
FA8611  AFLCMC WWUK	FA8611  AFLCMC WWUK
FA8614 AFLCMC WLMK	FA8614 AFLCMC WLMK
FA8615 ASC WWMK	FA8615 ASC WWMK
FA8616 ASC WWZK	FA8616 ASC WWZK
FA8617  AFLCMC  WNZ	FA8617  AFLCMC  WNZ
FA8620 ASC WI	FA8620 ASC WI
FA8621  AFLCMC WNSK	FA8621  AFLCMC WNSK
FA8622  AFLCMC PZIE	FA8622  AFLCMC PZIE
FA8623  AFLCMC WNVK	FA8623  AFLCMC WNVK
FA8625  AFLCMC WL	FA8625  AFLCMC WL
FA8626  AFLCMC WNWK	FA8626  AFLCMC WNWK
FA8627  650 AESS PK	FA8627  650 AESS PK
FA8628  AFLCMC WWNK	FA8628  AFLCMC WWNK
FA8629  AFLCMC WISK	FA8629  AFLCMC WISK
FA8630  AFLCMC WFG	FA8630  AFLCMC WFG
FA8632  ASC TMK	FA8632  ASC TMK
FA8633  AFMC AFLCMCPZIE	FA8633  AFMC AFLCMCPZIE
FA8634  AFLCMC WWQK	FA8634  AFLCMC WWQK
FA8635  642 AESS PK	FA8635  642 AESS PK
FA8636  ASC LRSSW TMK	FA8636  ASC LRSSW TMK
FA8637  AFLCMC WWY	FA8637  AFLCMC WWY
FA8638  AFLCMC WNQ	FA8638  AFLCMC WNQ
FA8650  USAF AFMC AFRL RQK	FA8650  USAF AFMC AFRL RQK
FA8651  AFRL RWK	FA8651  AFRL RWK
FA8652  AFRL PK	FA8652  AFRL PK
FA8655  EOARD AFOSR RSW	FA8655  EOARD AFOSR RSW
FA8656  LCMC OL PK RAC	FA8656  LCMC OL PK RAC
FA8672  AFLCMC EBMK	FA8672  AFLCMC EBMK
FA8675  AFLCMC EBAK	FA8675  AFLCMC EBAK
FA8677  AFLCMC EBSK	FA8677  AFLCMC EBSK
FA8678  AFLCMC EBYK	FA8678  AFLCMC EBYK
FA8681  AFLCMC EBDK	FA8681  AFLCMC EBDK
FA8682  AFLCMC EBJK	FA8682  AFLCMC EBJK
FA8702  AFLCMC PZE NON PEO	FA8702  AFLCMC PZE NON PEO
FA8704  ESC 551 ELSG PK	FA8704  ESC 551 ELSG PK
FA8705  AFLCMC HNK SPACE	FA8705  AFLCMC HNK SPACE
FA8706  ESC 350 ELSG PK	FA8706  ESC 350 ELSG PK
FA8707 ESC HSK	FA8707 ESC HSK
FA8708  ESC 751 ELSG PK	FA8708  ESC 751 ELSG PK
FA8709  AFLCMC HBK SPACE	FA8709  AFLCMC HBK SPACE
FA8714  AFLCMC HBQK C SPACE	FA8714  AFLCMC HBQK C SPACE
FA8718  ESC PKER	FA8718  ESC PKER
FA8720  ESC 951 ELSG PK	FA8720  ESC 951 ELSG PK
FA8721  AFLCMC PZE CM	FA8721  AFLCMC PZE CM
FA8722  AFLCMC HBK C3I N	FA8722  AFLCMC HBK C3I N
FA8723  AFLCMC HBQK C BM	FA8723  AFLCMC HBQK C BM
FA8725 ESC HNSK	FA8725 ESC HNSK
FA8726  AFLCMC HNK C3IN	FA8726  AFLCMC HNK C3IN
FA8727 AFLCMC HISK H BES	FA8727 AFLCMC HISK H BES
FA8728  ESC 642 ELSS PK	FA8728  ESC 642 ELSS PK
FA8730  AFLCMC HBK BM	FA8730  AFLCMC HBK BM
FA8731  ESC 753 ELSG PK	FA8731  ESC 753 ELSG PK
FA8732  AFLCMC HICK G CM	FA8732  AFLCMC HICK G CM
FA8734  AFLCMC HIBK  HR SYS BRANCH	FA8734  AFLCMC HIBK  HR SYS BRANCH
FA8750  AFRL RIK	FA8750  AFRL RIK
FA8751 AFRL RIKO	FA8751 AFRL RIKO
FA8770  AFLCMC HIK W BES	FA8770  AFLCMC HIK W BES
FA8771  AFLCMC HIK G BES	FA8771  AFLCMC HIK G BES
FA8772  AFLCMC HIBK G C3IN	FA8772  AFLCMC HIBK G C3IN
FA8773  AFSPC 38 CONS	FA8773  AFSPC 38 CONS
FA8802  HQ SMC PI PKE	FA8802  HQ SMC PI PKE
FA8803  HQ SMC WM PKW	FA8803  HQ SMC WM PKW
FA8806  HQ SMC SN PKN	FA8806  HQ SMC SN PKN
FA8807  HQ SMC GP PKP	FA8807  HQ SMC GP PKP
FA8808  HQ SMC MC PKJ	FA8808  HQ SMC MC PKJ
FA8809 HQ SMC CLK PK	FA8809 HQ SMC CLK PK
FA8810  HQ SMC IS PKI	FA8810  HQ SMC IS PKI
FA8811  HQ SMC LR PKK	FA8811  HQ SMC LR PKK
FA8814  HQ SMC XR PKR	FA8814  HQ SMC XR PKR
FA8816  HQ SMC LRSW	FA8816  HQ SMC LRSW
FA8818  HQ SMC SD PKT	FA8818  HQ SMC SD PKT
FA8819  HQ SMC SY PKS	FA8819  HQ SMC SY PKS
FA8820  HQ SMC SRK	FA8820  HQ SMC SRK
FA8823  HQ SMC SL PKL	FA8823  HQ SMC SL PKL
FA8900  711 HPW PK	FA8900  711 HPW PK
FA8901  311 ABG PKB	FA8901  311 ABG PKB
FA8902  77 AESG PSK	FA8902  77 AESG PSK
FA8903  772 ESS PK	FA8903  772 ESS PK
FA8904  77 AESG PSK	FA8904  77 AESG PSK
FA9100  AFTC PZ	FA9100  AFTC PZ
FA9101  AEDC PKP    PROCRMNT BR	FA9101  AEDC PKP    PROCRMNT BR
FA9200  AAC PKES	FA9200  AAC PKES
FA9201  AAC PKET	FA9201  AAC PKET
FA9300  AFTC PZR	FA9300  AFTC PZR
FA9301 AFTC PZIO	FA9301 AFTC PZIO
FA9302  AFTC PZIE	FA9302  AFTC PZIE
FA9304  AFTC PZZ	FA9304  AFTC PZZ
FA9401  377 CONS CC	FA9401  377 CONS CC
FA9422  AFNWC PKE	FA9422  AFNWC PKE
FA9451  DET 8  AFRL PKD	FA9451  DET 8  AFRL PKD
FA9453  DET 8  AFRL PKV8	FA9453  DET 8  AFRL PKV8
FA9550  AFRL AFOSR	FA9550  AFRL AFOSR
FAR EAST CONTRACTS OFFICE	FAR EAST CONTRACTS OFFICE
FAWPRA	FAWPRA
FEC SOUTHEAST  WCF COMNAVFACENGCOM	FEC SOUTHEAST  WCF COMNAVFACENGCOM
FES SOUTHWEST WCF SAN DIEGO	FES SOUTHWEST WCF SAN DIEGO
FIELD SUPPORT ACTIVITY BSO-11	FIELD SUPPORT ACTIVITY BSO-11
FIGHTER SQUADRON 143 VF 143	FIGHTER SQUADRON 143 VF 143
FIGHTER SQUADRON 213  VF 213	FIGHTER SQUADRON 213  VF 213
FIRST  NAVAL CONSTRUCTION DIVISION	FIRST  NAVAL CONSTRUCTION DIVISION
FISC JACKSONVILLE - ADMIN DIVISI	FISC JACKSONVILLE - ADMIN DIVISI
FISC JACKSONVILLE - KEY WEST OFFICE	FISC JACKSONVILLE - KEY WEST OFFICE
FISC JACKSONVILLE - LARGE PURCHA	FISC JACKSONVILLE - LARGE PURCHA
FISC JACKSONVILLE - NADEP DETACH	FISC JACKSONVILLE - NADEP DETACH
FISC JACKSONVILLE - PASCAGOULA D	FISC JACKSONVILLE - PASCAGOULA D
FISC JACKSONVILLE - SMALL PURCHA	FISC JACKSONVILLE - SMALL PURCHA
FISC JACKSONVILLE - TEXAS DETACH	FISC JACKSONVILLE - TEXAS DETACH
FISC JACKSONVILLE DET KINGS BAY	FISC JACKSONVILLE DET KINGS BAY
FISC JACKSONVILLE FL CHARLESTON	FISC JACKSONVILLE FL CHARLESTON
FISC JACKSONVILLE FL MAYPORT DET	FISC JACKSONVILLE FL MAYPORT DET
FISC JACKSONVILLE-KEY WEST DET	FISC JACKSONVILLE-KEY WEST DET
FISC NORFOLK NAVAL SHIPYARD ANNE	FISC NORFOLK NAVAL SHIPYARD ANNE
FISCAL OFFICER	FISCAL OFFICER
FITTING OUT & SUPPLY SUPPORT ASS	FITTING OUT & SUPPLY SUPPORT ASS
FITTING OUT AND SUPPLY SUPPORT	FITTING OUT AND SUPPLY SUPPORT
FITZSIMONS U.S. ARMY GARRISON	FITZSIMONS U.S. ARMY GARRISON
FLEET & INDUSTRIAL SUPPLY CENTER	FLEET & INDUSTRIAL SUPPLY CENTER
FLEET + IND SUP CTR YOKOSUKA JA	FLEET + IND SUP CTR YOKOSUKA JA
FLEET ACTIVITIES CHINHAE	FLEET ACTIVITIES CHINHAE
FLEET ACTIVITIES OKINAWA	FLEET ACTIVITIES OKINAWA
FLEET ANTI SUBMARINE WARFARE	FLEET ANTI SUBMARINE WARFARE
FLEET AVIATION SPECIALIZED OPERA	FLEET AVIATION SPECIALIZED OPERA
FLEET COMBAT TRAINING CENTER ATL	FLEET COMBAT TRAINING CENTER ATL
FLEET COMBAT TRAINING CENTER PAC	FLEET COMBAT TRAINING CENTER PAC
FLEET LOGISTICS SUPPORT SQ 30 VRC30	FLEET LOGISTICS SUPPORT SQ 30 VRC30
FLEET LOGISTICS SUPPORT SQUADRON 40	FLEET LOGISTICS SUPPORT SQUADRON 40
FLEET NUMERICAL METEOROLOGY AND	FLEET NUMERICAL METEOROLOGY AND
FLEET NUMERICAL OCEANOGRAPHY CEN	FLEET NUMERICAL OCEANOGRAPHY CEN
FLEET READINESS CENTER SOUTHEAST	FLEET READINESS CENTER SOUTHEAST
FLEET TECHNICAL SUPPORT CENTER P	FLEET TECHNICAL SUPPORT CENTER P
FLEET TRAINING CENTER	FLEET TRAINING CENTER
FLEET WEATHER CENTER NORFOLK	FLEET WEATHER CENTER NORFOLK
FLTREADCEN NORTHWEST	FLTREADCEN NORTHWEST
FORCES SURVEILLANCE SUPPORT CENTER	FORCES SURVEILLANCE SUPPORT CENTER
FORT A. P. HILL	FORT A. P. HILL
FORT BUCHANAN CONTRACTING OFFICE	FORT BUCHANAN CONTRACTING OFFICE
FORT GEORGE G. MEADE	FORT GEORGE G. MEADE
FORT HAMILTON	FORT HAMILTON
FORT HAMILTON MILITARY COMMUNITY	FORT HAMILTON MILITARY COMMUNITY
FORT MEADE DIR. OF CONTRACTING	FORT MEADE DIR. OF CONTRACTING
FORT MYER MILITARY COMMUNITY	FORT MYER MILITARY COMMUNITY
FORT RITCHIE DIR OF CONTRACTING	FORT RITCHIE DIR OF CONTRACTING
FRC WEST DET FALLON QA CTPL	FRC WEST DET FALLON QA CTPL
FY2333 AFLCMC WNM	FY2333 AFLCMC WNM
HEADQUARTERS MARINE CORPS	HEADQUARTERS MARINE CORPS
HELICOPTER MARITIME STRIKE WING PAC	HELICOPTER MARITIME STRIKE WING PAC
HELICOPTER MINE COUNTERMEASURES	HELICOPTER MINE COUNTERMEASURES
HELICOPTER SEA COMBAT SQUAD HSC 28	HELICOPTER SEA COMBAT SQUAD HSC 28
HELICOPTER SEA COMBAT WEAPONS	HELICOPTER SEA COMBAT WEAPONS
HELICOPTER SEA COMBAT WING	HELICOPTER SEA COMBAT WING
HELIO MARITIME STRIKE HSM WING LANT	HELIO MARITIME STRIKE HSM WING LANT
HELIOCOPTER SEA COMBAT SQ HSC 22	HELIOCOPTER SEA COMBAT SQ HSC 22
HELMINERON 15	HELMINERON 15
HELSEACOMBATRON 8 4	HELSEACOMBATRON 8 4
HQ AFOTEC/RMC	HQ AFOTEC/RMC
HQ AFSOC/PK	HQ AFSOC/PK
HQ AMC/DOY	HQ AMC/DOY
"HQ USAINSCOM, DIR OF CONTRACTING"	"HQ USAINSCOM, DIR OF CONTRACTING"
HQ USCENTAF/LGC	HQ USCENTAF/LGC
"HQ, EUSA"	"HQ, EUSA"
"HQ, EUSA, ASST COFS ACQ. MGT."	"HQ, EUSA, ASST COFS ACQ. MGT."
"HQ, III CORPS & FORT HOOD"	"HQ, III CORPS & FORT HOOD"
"HQ, MTMC"	"HQ, MTMC"
"HQ, THIRD US ARMY/ARCENT"	"HQ, THIRD US ARMY/ARCENT"
"HQ, USACCE-CONTRNG CELL,DEPLOYED"	"HQ, USACCE-CONTRNG CELL,DEPLOYED"
HQBN MCBH	HQBN MCBH
HSW/PKO	HSW/PKO
HSW/PKOM	HSW/PKOM
HSW/PKR	HSW/PKR
HSW/PKS	HSW/PKS
HSW/PKV	HSW/PKV
HSW/YACK	HSW/YACK
HUMAN RESOURCE SERVICE CENTER EA	HUMAN RESOURCE SERVICE CENTER EA
HUMAN RESOURCES SERVICE CENTER	HUMAN RESOURCES SERVICE CENTER
"HUMAN RESOURCES SVC CTR SE, STEN"	"HUMAN RESOURCES SVC CTR SE, STEN"
HUMPHREY ENGINEER SUPT ACTY CTR	HUMPHREY ENGINEER SUPT ACTY CTR
"DLA AVIATION AT HUNTSVILLE, AL"	"HUNTSVILLE, AL"
IAS21WG	IAS21WG
ITD DIRECTORATE DSCC	ITD DIRECTORATE DSCC
"DLA AVIATION AT JACKSONVILLE, FL"	OTHER
JAMES A LOVELL FED HEALTH CARE CTR	JAMES A LOVELL FED HEALTH CARE CTR
JCC-BONDSTEEL	JCC-BONDSTEEL
JCC-TASZAR	JCC-TASZAR
JCC-TUZLA	JCC-TUZLA
JOINT INTELLIGENCE CENTER PACIFI	JOINT INTELLIGENCE CENTER PACIFI
JOINT POW MIA ACCOUNTING COMMAND	JOINT POW MIA ACCOUNTING COMMAND
JOINT TASK FORCE BRAVO (JTF-B)	JOINT TASK FORCE BRAVO (JTF-B)
JOINT TASK FORCE BRAVO(JTF-B)	JOINT TASK FORCE BRAVO(JTF-B)
JOINT VISUAL INFORMATION ACT.	JOINT VISUAL INFORMATION ACT.
JTF-FA CAMP HM SMITH HI	JTF-FA CAMP HM SMITH HI
JTF-FA DET 1	JTF-FA DET 1
JUDGE ADVOCATE GENERAL OF THE NAVY	JUDGE ADVOCATE GENERAL OF THE NAVY
"JUDGE ADVOCATE GENERAL'S SCHOOL,"	"JUDGE ADVOCATE GENERAL'S SCHOOL,"
LETTERKENNY ARMY DEPOT	LETTERKENNY ARMY DEPOT
MADIGAN ARMY MEDICAL CENTER	MADIGAN ARMY MEDICAL CENTER
MARCORPS CAMP LEJEUNE NC	MARCORPS CAMP LEJEUNE NC
MARINE CORP	MARINE CORP
MARINE CORP TEST SUPPORT GROUP	MARINE CORP TEST SUPPORT GROUP
MARINE CORPS	MARINE CORPS
MARINE CORPS AIR GROUND COMBAT C	MARINE CORPS AIR GROUND COMBAT C
MARINE CORPS AIR STATION	MARINE CORPS AIR STATION
MARINE CORPS AIR STATION EL TORO	MARINE CORPS AIR STATION EL TORO
MARINE CORPS BASE	MARINE CORPS BASE
MARINE CORPS BASE HAWAII CAMP SMITH	MARINE CORPS BASE HAWAII CAMP SMITH
MARINE CORPS CAMP BUTLER OKINAWA	MARINE CORPS CAMP BUTLER OKINAWA
MARINE CORPS COMBAT DEVELOPMENT	MARINE CORPS COMBAT DEVELOPMENT
MARINE CORPS FIRST FSG	MARINE CORPS FIRST FSG
MARINE CORPS HEADQUARTERS	MARINE CORPS HEADQUARTERS
MARINE CORPS LOGISTICS BASE	MARINE CORPS LOGISTICS BASE
MARINE CORPS RECRUIT DEPOT	MARINE CORPS RECRUIT DEPOT
MARINE CORPS SYSTEMS COMMAND	MARINE CORPS SYSTEMS COMMAND
MARITIME CIVIL AFFAIRS SECURITY TRN	MARITIME CIVIL AFFAIRS SECURITY TRN
MARITIME EXPEDITIONARY	MARITIME EXPEDITIONARY
MCAF QUANTICO VA	MCAF QUANTICO VA
MCALESTER ARMY AMMUNITION PLANT	MCALESTER ARMY AMMUNITION PLANT
MCAS MIRAMAR	MCAS MIRAMAR
MDW ACQUISITION CENTER	MDW ACQUISITION CENTER
"MDW, FORT A. P. HILL"	"MDW, FORT A. P. HILL"
MID-ATLANTIC REGIONAL MAINTENANCE CENTER	MID-ATLANTIC REGIONAL MAINTENANCE CENTER
MILITARY SEALIFT CMD ATLANTC DET	MILITARY SEALIFT CMD ATLANTC DET
MILITARY SEALIFT COMMAND	MILITARY SEALIFT COMMAND
MILITARY SEALIFT COMMAND ATLANTIC	MILITARY SEALIFT COMMAND ATLANTIC
MILITARY SEALIFT COMMAND BATS	MILITARY SEALIFT COMMAND BATS
MILITARY SEALIFT COMMAND DETACHM	MILITARY SEALIFT COMMAND DETACHM
MILITARY SEALIFT COMMAND FAR EAST	MILITARY SEALIFT COMMAND FAR EAST
MILITARY SEALIFT COMMAND HEADQUA	MILITARY SEALIFT COMMAND HEADQUA
MILITARY SEALIFT COMMMAND	MILITARY SEALIFT COMMMAND
MILITARY SEALIFT FLEET SUPPORT CMD	MILITARY SEALIFT FLEET SUPPORT CMD
MILITARY SEALIFT FLT SUPP CMD NORF	MILITARY SEALIFT FLT SUPP CMD NORF
MISSION CNTRG. ACTIVITY AT FORT	MISSION CNTRG. ACTIVITY AT FORT
MSC ATLANTIC	MSC ATLANTIC
MSC CIVMARS EAST	MSC CIVMARS EAST
MSC CIVMARS WEST	MSC CIVMARS WEST
MSC NAVY FLEET AUXILIARY FORCE P	MSC NAVY FLEET AUXILIARY FORCE P
MSC NORFOLK	MSC NORFOLK
MSC TAGOS PROJECT OFFICE	MSC TAGOS PROJECT OFFICE
MSG/PK	MSG/PK
"MSG/PK  BLDG 262, ROOM C022"	"MSG/PK  BLDG 262, ROOM C022"
NAS JRB FORT WORTH	NAS JRB FORT WORTH
NAS JRB NEW ORLEANS	NAS JRB NEW ORLEANS
NATEC SAN DIEGO CA	NATEC SAN DIEGO CA
NATIONAL DEFENSE UNIVERSITY	NATIONAL DEFENSE UNIVERSITY
NATIONAL GROUND INTELLIGENCE CTR	NATIONAL GROUND INTELLIGENCE CTR
"NATIONAL GUARD BUREAU, CNTRCTNG"	"NATIONAL GUARD BUREAU, CNTRCTNG"
NATIONAL NAVAL MEDICAL CENTER	NATIONAL NAVAL MEDICAL CENTER
NAV COMPUTER AND TELECOMMUNICATIONS	NAV COMPUTER AND TELECOMMUNICATIONS
NAV FAC ENGINEERING CMD WASHINGTON	NAV FAC ENGINEERING CMD WASHINGTON
NAV MOBILE CONSTRUCT BATT TOA 6074	NAV MOBILE CONSTRUCT BATT TOA 6074
NAVAIR HQS	NAVAIR HQS
NAVAIR HQS PAWTUXENT RIVER MD	NAVAIR HQS PAWTUXENT RIVER MD
NAVAIR WARFARE CTR AIRCRAFT DIV LKE	NAVAIR WARFARE CTR AIRCRAFT DIV LKE
NAVAIRSYSCO	NAVAIRSYSCO
NAVAL ADMINISTRATIVE COMMAND	NAVAL ADMINISTRATIVE COMMAND
NAVAL AIR FACILITY	NAVAL AIR FACILITY
NAVAL AIR FACILITY  CODE 70	NAVAL AIR FACILITY  CODE 70
NAVAL AIR FACILITY ATSUGI JAPAN	NAVAL AIR FACILITY ATSUGI JAPAN
NAVAL AIR PACIFIC REPAIR ACTIVITY	NAVAL AIR PACIFIC REPAIR ACTIVITY
NAVAL AIR RESERVE	NAVAL AIR RESERVE
NAVAL AIR RESERVE WHIDBEY ISLAND	NAVAL AIR RESERVE WHIDBEY ISLAND
NAVAL AIR STATION	NAVAL AIR STATION
NAVAL AIR STATION ATLANTA	NAVAL AIR STATION ATLANTA
NAVAL AIR STATION JOINT RESERVE	NAVAL AIR STATION JOINT RESERVE
NAVAL AIR STATION KEFLAVIK ICELA	NAVAL AIR STATION KEFLAVIK ICELA
NAVAL AIR STATION OCEANA	NAVAL AIR STATION OCEANA
NAVAL AIR STATION SIGONELLA	NAVAL AIR STATION SIGONELLA
NAVAL AIR STATION WHIDBEY ISLAND	NAVAL AIR STATION WHIDBEY ISLAND
NAVAL AIR SYSTEMS COMMAND	NAVAL AIR SYSTEMS COMMAND
NAVAL AIR TECHNICAL DATA & ENGIN	NAVAL AIR TECHNICAL DATA & ENGIN
NAVAL AIR TECHNICAL DATA AND ENGINR	NAVAL AIR TECHNICAL DATA AND ENGINR
NAVAL AIR WARFARE CENTER	NAVAL AIR WARFARE CENTER
NAVAL AIR WARFARE CENTER AIR DIV	NAVAL AIR WARFARE CENTER AIR DIV
NAVAL AIR WARFARE CENTER AIRCRAF	NAVAL AIR WARFARE CENTER AIRCRAF
NAVAL AIR WARFARE CENTER TRAININ	NAVAL AIR WARFARE CENTER TRAININ
NAVAL AIR WARFARE CENTER WEAPONS	NAVAL AIR WARFARE CENTER WEAPONS
"NAVAL AIR WARFARE CENTER, AIRCRA"	"NAVAL AIR WARFARE CENTER, AIRCRA"
"NAVAL AIR WARFARE CENTER, WEAPON"	"NAVAL AIR WARFARE CENTER, WEAPON"
NAVAL AIR WARFARE CNETER TRAININ	NAVAL AIR WARFARE CNETER TRAININ
NAVAL AMPHIBIOUS BASE LITTLE CRE	NAVAL AMPHIBIOUS BASE LITTLE CRE
NAVAL AND MARCORP RESERVE CENTER	NAVAL AND MARCORP RESERVE CENTER
NAVAL AUDIT SERVICE	NAVAL AUDIT SERVICE
NAVAL AUDIT SERVICE HEADQUARTERS	NAVAL AUDIT SERVICE HEADQUARTERS
NAVAL AVIATION DEPOT OPERATIONS	NAVAL AVIATION DEPOT OPERATIONS
NAVAL AVIATION ENGINEERING SERVI	NAVAL AVIATION ENGINEERING SERVI
NAVAL BASE	NAVAL BASE
NAVAL BASE SEATTLE	NAVAL BASE SEATTLE
NAVAL BRANCH HEALTH CLINIC	NAVAL BRANCH HEALTH CLINIC
NAVAL BRANCH HEALTH CLINIC GROTON	NAVAL BRANCH HEALTH CLINIC GROTON
NAVAL COMMAND CONTROL & OCEAN SU	NAVAL COMMAND CONTROL & OCEAN SU
NAVAL COMPUTER & TELECOMMUNICATI	NAVAL COMPUTER & TELECOMMUNICATI
NAVAL COMPUTER AND	NAVAL COMPUTER AND
NAVAL CONSOLIDATED BRIG CHARLESTON	NAVAL CONSOLIDATED BRIG CHARLESTON
NAVAL CONSTRUCTION BATTALION CEN	NAVAL CONSTRUCTION BATTALION CEN
NAVAL CONSTRUCTION GROUP ONE	NAVAL CONSTRUCTION GROUP ONE
NAVAL CONSTRUCTION TRAINING CENTER	NAVAL CONSTRUCTION TRAINING CENTER
NAVAL DENTAL CENTER	NAVAL DENTAL CENTER
NAVAL DENTAL CLINIC	NAVAL DENTAL CLINIC
NAVAL DIVING & SALVAGE TRAINING	NAVAL DIVING & SALVAGE TRAINING
NAVAL DIVING AND SALVAGE	NAVAL DIVING AND SALVAGE
NAVAL DRUG SCREENING LABORATORY	NAVAL DRUG SCREENING LABORATORY
NAVAL EDUCATION & TRAINING SUPPO	NAVAL EDUCATION & TRAINING SUPPO
NAVAL EDUCATION & TRNG PROFESSIO	NAVAL EDUCATION & TRNG PROFESSIO
NAVAL EDUCATION AND TRAINING	NAVAL EDUCATION AND TRAINING
NAVAL EXPEDITIONARY LOGISTICS	NAVAL EXPEDITIONARY LOGISTICS
NAVAL EXPERIMENTAL DIVING UNIT	NAVAL EXPERIMENTAL DIVING UNIT
NAVAL EXPLOSIVE ORDNANCE	NAVAL EXPLOSIVE ORDNANCE
NAVAL FAC ENGINEEERING CMD ATLANTIC	NAVAL FAC ENGINEEERING CMD ATLANTIC
NAVAL FAC ENGINEEERING CMD EUR SWA	NAVAL FAC ENGINEEERING CMD EUR SWA
NAVAL FAC ENGINEEERING CMD MIDWEST	NAVAL FAC ENGINEEERING CMD MIDWEST
NAVAL FAC ENGINEEERING CMD PACIFIC	NAVAL FAC ENGINEEERING CMD PACIFIC
NAVAL FAC ENGINEERING CMD FAR EAST	NAVAL FAC ENGINEERING CMD FAR EAST
NAVAL FAC ENGINEERING CMD MID LANT	NAVAL FAC ENGINEERING CMD MID LANT
NAVAL FACILIITES ENGINEERING AND	NAVAL FACILIITES ENGINEERING AND
NAVAL FACILITIES ENGINEERING AND	NAVAL FACILITIES ENGINEERING AND
NAVAL FACILITIES ENGINEERING COM	NAVAL FACILITIES ENGINEERING COM
NAVAL FACILITIES ENGINEERING COMD	NAVAL FACILITIES ENGINEERING COMD
NAVAL FACILITIES ENGINEERING FIE	NAVAL FACILITIES ENGINEERING FIE
NAVAL HEALTH CLINIC	NAVAL HEALTH CLINIC
NAVAL HEALTH CLINIC ANNAPOLIS MD	NAVAL HEALTH CLINIC ANNAPOLIS MD
NAVAL HEALTH CLINIC CHARLESTON	NAVAL HEALTH CLINIC CHARLESTON
NAVAL HEALTH CLINIC HAWAII	NAVAL HEALTH CLINIC HAWAII
NAVAL HEALTH CLINIC NEW ENGLAND	NAVAL HEALTH CLINIC NEW ENGLAND
NAVAL HEALTH RESEARCH CENTER	NAVAL HEALTH RESEARCH CENTER
NAVAL HEALTH SCIENCES EDUCATION	NAVAL HEALTH SCIENCES EDUCATION
NAVAL HOSPITAL	NAVAL HOSPITAL
NAVAL HOSPITAL BEAUFORT	NAVAL HOSPITAL BEAUFORT
NAVAL HOSPITAL CAMP PENDLETON	NAVAL HOSPITAL CAMP PENDLETON
NAVAL HOSPITAL JACKSONVILLE FL	NAVAL HOSPITAL JACKSONVILLE FL
NAVAL HOSPITAL OAK HARBOR	NAVAL HOSPITAL OAK HARBOR
NAVAL HOSPITAL PENSACOLA FL	NAVAL HOSPITAL PENSACOLA FL
NAVAL HOSPITAL SIGONELLA ITALY	NAVAL HOSPITAL SIGONELLA ITALY
NAVAL HOSPITAL TWENTYNINE PALMS CA	NAVAL HOSPITAL TWENTYNINE PALMS CA
NAVAL HOSPITAL YOKOSUKA	NAVAL HOSPITAL YOKOSUKA
NAVAL ICE CENTER	NAVAL ICE CENTER
NAVAL INVENTORY CONTROL POINT	NAVAL INVENTORY CONTROL POINT
NAVAL INVESTIGATIVE SERVICE COMM	NAVAL INVESTIGATIVE SERVICE COMM
NAVAL LEGAL SERVICE COMMAND	NAVAL LEGAL SERVICE COMMAND
NAVAL LEGAL SERVICE OFFICE SOUTH	NAVAL LEGAL SERVICE OFFICE SOUTH
NAVAL MED RESEARCH CENTER ASIA	NAVAL MED RESEARCH CENTER ASIA
NAVAL MEDIA CENTER ANACOSTIA	NAVAL MEDIA CENTER ANACOSTIA
NAVAL MEDICAL CENTER	NAVAL MEDICAL CENTER
NAVAL MEDICAL CENTER PORTSMOUTH VA	NAVAL MEDICAL CENTER PORTSMOUTH VA
NAVAL MEDICAL CENTER SAN DIEGO CA	NAVAL MEDICAL CENTER SAN DIEGO CA
NAVAL MEDICAL CLINIC	NAVAL MEDICAL CLINIC
NAVAL MEDICAL INFORMATION MANAGE	NAVAL MEDICAL INFORMATION MANAGE
NAVAL MEDICAL LOGISTICS COMMAND	NAVAL MEDICAL LOGISTICS COMMAND
NAVAL MEDICAL RESEARCH CENTER	NAVAL MEDICAL RESEARCH CENTER
NAVAL MEDICAL RESEARCH CENTER DET	NAVAL MEDICAL RESEARCH CENTER DET
NAVAL MEDICAL RESEARCH INSTITUTE	NAVAL MEDICAL RESEARCH INSTITUTE
NAVAL MEDICAL RESEARCH UNIT	NAVAL MEDICAL RESEARCH UNIT
NAVAL MEDICAL RESEARCH UNIT NO.	NAVAL MEDICAL RESEARCH UNIT NO.
NAVAL MINE AND ASW COMMAND	NAVAL MINE AND ASW COMMAND
NAVAL MOBILE CONSTRUCTION BATTALION	NAVAL MOBILE CONSTRUCTION BATTALION
NAVAL MOTION PICTURE SERVICES	NAVAL MOTION PICTURE SERVICES
NAVAL NETWORK WARFARE COMMAND	NAVAL NETWORK WARFARE COMMAND
NAVAL OBSERVATORY	NAVAL OBSERVATORY
NAVAL OCCUPATIONAL SAFETY HEALTH	NAVAL OCCUPATIONAL SAFETY HEALTH
NAVAL OCEAN PROCESSING FACILITY	NAVAL OCEAN PROCESSING FACILITY
NAVAL OCEAN SYSTEM CENTER CODE 6	NAVAL OCEAN SYSTEM CENTER CODE 6
NAVAL OCEANOGRAPHIC OFFICE	NAVAL OCEANOGRAPHIC OFFICE
NAVAL PACIFIC METEOROLOGY AND OC	NAVAL PACIFIC METEOROLOGY AND OC
NAVAL PERSONNEL DEVELOPMENT COMMAND	NAVAL PERSONNEL DEVELOPMENT COMMAND
NAVAL PERSONNEL RESEARCH AND DEV	NAVAL PERSONNEL RESEARCH AND DEV
"NAVAL PERSONNEL RESEARCH, STUDIE"	"NAVAL PERSONNEL RESEARCH, STUDIE"
NAVAL POSTGRADUATE SCHOOL	NAVAL POSTGRADUATE SCHOOL
NAVAL REGION	NAVAL REGION
NAVAL REGIONAL CONTRACT CENTER	NAVAL REGIONAL CONTRACT CENTER
NAVAL REGIONAL CONTRACTING CENTE	NAVAL REGIONAL CONTRACTING CENTE
NAVAL REGIONAL CONTRACTING CTR.	NAVAL REGIONAL CONTRACTING CTR.
NAVAL RESEARCH LABORATORY	NAVAL RESEARCH LABORATORY
NAVAL RESERVE CARGO HANDLING TRA	NAVAL RESERVE CARGO HANDLING TRA
NAVAL RESERVE INTELLIGENCE COMMA	NAVAL RESERVE INTELLIGENCE COMMA
NAVAL RESERVE OFFICERS	NAVAL RESERVE OFFICERS
NAVAL RESERVE OFFICERS TRAINING	NAVAL RESERVE OFFICERS TRAINING
NAVAL RESERVE PERSONNEL CENTER	NAVAL RESERVE PERSONNEL CENTER
NAVAL RESERVE READINESS COMMAND	NAVAL RESERVE READINESS COMMAND
NAVAL RESERVE RECRUITING COMMAND	NAVAL RESERVE RECRUITING COMMAND
NAVAL RESERVE TRAINING CORPS UNI	NAVAL RESERVE TRAINING CORPS UNI
NAVAL ROTC VANDERBILT UNIVERSITY	NAVAL ROTC VANDERBILT UNIVERSITY
NAVAL SAFETY AND ENVIRONMENTAL	NAVAL SAFETY AND ENVIRONMENTAL
NAVAL SAFETY CENTER	NAVAL SAFETY CENTER
NAVAL SATELLITE OPER CTR (NAVSOC)	NAVAL SATELLITE OPER CTR (NAVSOC)
NAVAL SATELLITE OPERATIONS CENTE	NAVAL SATELLITE OPERATIONS CENTE
NAVAL SCHOOL EXPLOSIVE ORDNANCE	NAVAL SCHOOL EXPLOSIVE ORDNANCE
NAVAL SCHOOL OF HEALTH SCIENCES	NAVAL SCHOOL OF HEALTH SCIENCES
NAVAL SCHOOL OF HEALTH SCIENCES SD	NAVAL SCHOOL OF HEALTH SCIENCES SD
NAVAL SEA LOGISTICS CENTER	NAVAL SEA LOGISTICS CENTER
NAVAL SEA SYSTEMS COMMAND	NAVAL SEA SYSTEMS COMMAND
NAVAL SEA SYSTEMS COMMAND AUTOMA	NAVAL SEA SYSTEMS COMMAND AUTOMA
NAVAL SECURITY GROUP ACTIVITY	NAVAL SECURITY GROUP ACTIVITY
NAVAL SECURITY STATION	NAVAL SECURITY STATION
NAVAL SHIPYARD PEARL HARBOR	NAVAL SHIPYARD PEARL HARBOR
NAVAL SHIPYARD PUGET SOUND	NAVAL SHIPYARD PUGET SOUND
NAVAL SPECIAL WARFARE ADV TRNG CMD	NAVAL SPECIAL WARFARE ADV TRNG CMD
NAVAL SPECIAL WARFARE CENTER	NAVAL SPECIAL WARFARE CENTER
NAVAL SPECIAL WARFARE COMMAND	NAVAL SPECIAL WARFARE COMMAND
NAVAL SPECIAL WARFARE DEVELOPMEN	NAVAL SPECIAL WARFARE DEVELOPMEN
NAVAL SPECIAL WARFARE GROUP 1	NAVAL SPECIAL WARFARE GROUP 1
NAVAL SPECIAL WARFARE GROUP NSWG 2	NAVAL SPECIAL WARFARE GROUP NSWG 2
NAVAL STATION	NAVAL STATION
NAVAL STATION BREMERTON	NAVAL STATION BREMERTON
NAVAL STATION EVERETT	NAVAL STATION EVERETT
NAVAL STATION NEWPORT	NAVAL STATION NEWPORT
NAVAL STRIKE AND AIR WARFARE CEN	NAVAL STRIKE AND AIR WARFARE CEN
NAVAL STRIKE AND AIR WARFARE CENTER	NAVAL STRIKE AND AIR WARFARE CENTER
NAVAL SUBMARINE SUPPORT COMMAND	NAVAL SUBMARINE SUPPORT COMMAND
NAVAL SUBMARINE TRAINING CENTER	NAVAL SUBMARINE TRAINING CENTER
NAVAL SUPPLY SYSTEMS COMMAND	NAVAL SUPPLY SYSTEMS COMMAND
NAVAL SUPPORT ACTIVITY	NAVAL SUPPORT ACTIVITY
NAVAL SUPPORT ACTIVITY ATSUGI	NAVAL SUPPORT ACTIVITY ATSUGI
NAVAL SUPPORT ACTIVITY KEYPORT	NAVAL SUPPORT ACTIVITY KEYPORT
NAVAL SUPPORT ACTIVITY LA MADDALENA	NAVAL SUPPORT ACTIVITY LA MADDALENA
NAVAL SUPPORT ACTIVITY MEMPHIS	NAVAL SUPPORT ACTIVITY MEMPHIS
NAVAL SUPPORT ACTIVITY NAPLES	NAVAL SUPPORT ACTIVITY NAPLES
NAVAL SUPPORT ACTIVITY SASEBO	NAVAL SUPPORT ACTIVITY SASEBO
NAVAL SUPPORT ACTIVITY SOUDA BAY	NAVAL SUPPORT ACTIVITY SOUDA BAY
NAVAL SUPPORT ACTIVITY YOKOSUKA	NAVAL SUPPORT ACTIVITY YOKOSUKA
NAVAL SUPPORT OFFICE MONTERAY BA	NAVAL SUPPORT OFFICE MONTERAY BA
NAVAL SURFACE WARFARE CENTER	NAVAL SURFACE WARFARE CENTER
NAVAL SURFACE WARFARE CENTER CAR	NAVAL SURFACE WARFARE CENTER CAR
"NAVAL SURFACE WARFARE CENTER, DA"	"NAVAL SURFACE WARFARE CENTER, DA"
"NAVAL SURFACE WARFARE CENTER, DD"	"NAVAL SURFACE WARFARE CENTER, DD"
"NAVAL SURFACE WARFARE CENTER, IN"	"NAVAL SURFACE WARFARE CENTER, IN"
"NAVAL SURFACE WARFARE CENTER, PO"	"NAVAL SURFACE WARFARE CENTER, PO"
NAVAL UNDERSEA WARFARE CENTER	NAVAL UNDERSEA WARFARE CENTER
"NAVAL UNDERSEA WARFARE CENTER, K"	"NAVAL UNDERSEA WARFARE CENTER, K"
"NAVAL UNDERSEA WARFARE CENTER, N"	"NAVAL UNDERSEA WARFARE CENTER, N"
NAVAL UNDRWTR SYS CTR (CODE 912)	NAVAL UNDRWTR SYS CTR (CODE 912)
NAVAL WAR COLLEGE	NAVAL WAR COLLEGE
"NAVAL WARFARE CENTER, AIRCRAFT D"	"NAVAL WARFARE CENTER, AIRCRAFT D"
NAVAL WEAPONS STATION	NAVAL WEAPONS STATION
NAVAL WEAPONS STATION EARLE	NAVAL WEAPONS STATION EARLE
NAVAL WEAPONS STATION SEAL BEACH	NAVAL WEAPONS STATION SEAL BEACH
NAVCONBRIG CHESAPEAKE	NAVCONBRIG CHESAPEAKE
NAVCRUITCOM MILLINGTON	NAVCRUITCOM MILLINGTON
NAVFAC EFA SOUTHEAST ENGINEERING	NAVFAC EFA SOUTHEAST ENGINEERING
NAVFAC ENG FIELD ACT SOUTHEAST JAX	NAVFAC ENG FIELD ACT SOUTHEAST JAX
NAVFAC ENGINEERING COMMAND HAWAII	NAVFAC ENGINEERING COMMAND HAWAII
NAVFAC ENGINEERING COMMAND MARIANAS	NAVFAC ENGINEERING COMMAND MARIANAS
NAVFAC ENGINEERING FIELD ACITVITY	NAVFAC ENGINEERING FIELD ACITVITY
NAVFAC ENGINEERING FIELD DIVISIION	NAVFAC ENGINEERING FIELD DIVISIION
NAVFAC NORTHWEST	NAVFAC NORTHWEST
NAVFAC SOUTHEAST	NAVFAC SOUTHEAST
NAVFAC SOUTHWEST	NAVFAC SOUTHWEST
NAVOCEANPROFAC DAM NECK VA	NAVOCEANPROFAC DAM NECK VA
NAVOCEANPROFAC WHIDBEY ISLAND WA	NAVOCEANPROFAC WHIDBEY ISLAND WA
NAVOPSPTCEN AKRON	NAVOPSPTCEN AKRON
NAVOPSPTCEN ALAMEDA	NAVOPSPTCEN ALAMEDA
NAVOPSPTCEN ALBUQUERQUE	NAVOPSPTCEN ALBUQUERQUE
NAVOPSPTCEN AMARILLO	NAVOPSPTCEN AMARILLO
NAVOPSPTCEN ATLANTA	NAVOPSPTCEN ATLANTA
NAVOPSPTCEN AUGUSTA	NAVOPSPTCEN AUGUSTA
NAVOPSPTCEN AUSTIN	NAVOPSPTCEN AUSTIN
NAVOPSPTCEN AVOCA	NAVOPSPTCEN AVOCA
NAVOPSPTCEN BALTIMORE	NAVOPSPTCEN BALTIMORE
NAVOPSPTCEN BANGOR ME	NAVOPSPTCEN BANGOR ME
NAVOPSPTCEN BATTLE CREEK	NAVOPSPTCEN BATTLE CREEK
NAVOPSPTCEN BESSEMER	NAVOPSPTCEN BESSEMER
NAVOPSPTCEN BILLINGS	NAVOPSPTCEN BILLINGS
NAVOPSPTCEN BOISE	NAVOPSPTCEN BOISE
NAVOPSPTCEN BUFFALO	NAVOPSPTCEN BUFFALO
NAVOPSPTCEN CHARLESTON	NAVOPSPTCEN CHARLESTON
NAVOPSPTCEN CHARLOTTE	NAVOPSPTCEN CHARLOTTE
NAVOPSPTCEN CHATTANOOGA	NAVOPSPTCEN CHATTANOOGA
NAVOPSPTCEN CHICAGO	NAVOPSPTCEN CHICAGO
NAVOPSPTCEN COLUMBUS GA	NAVOPSPTCEN COLUMBUS GA
NAVOPSPTCEN COLUMBUS OH	NAVOPSPTCEN COLUMBUS OH
NAVOPSPTCEN CORPUS CHRISTI	NAVOPSPTCEN CORPUS CHRISTI
NAVOPSPTCEN DECATUR	NAVOPSPTCEN DECATUR
NAVOPSPTCEN DENVER	NAVOPSPTCEN DENVER
NAVOPSPTCEN DES MOINES	NAVOPSPTCEN DES MOINES
NAVOPSPTCEN DETROIT	NAVOPSPTCEN DETROIT
NAVOPSPTCEN EARLE	NAVOPSPTCEN EARLE
NAVOPSPTCEN EBENSBURG	NAVOPSPTCEN EBENSBURG
NAVOPSPTCEN EL PASO	NAVOPSPTCEN EL PASO
NAVOPSPTCEN ELEANOR	NAVOPSPTCEN ELEANOR
NAVOPSPTCEN ERIE	NAVOPSPTCEN ERIE
NAVOPSPTCEN EVERETT	NAVOPSPTCEN EVERETT
NAVOPSPTCEN FARGO	NAVOPSPTCEN FARGO
NAVOPSPTCEN FORT CARSON	NAVOPSPTCEN FORT CARSON
NAVOPSPTCEN FORT WORTH	NAVOPSPTCEN FORT WORTH
NAVOPSPTCEN FT DIX	NAVOPSPTCEN FT DIX
NAVOPSPTCEN GREEN BAY	NAVOPSPTCEN GREEN BAY
NAVOPSPTCEN GREENSBORO	NAVOPSPTCEN GREENSBORO
NAVOPSPTCEN GREENVILLE	NAVOPSPTCEN GREENVILLE
NAVOPSPTCEN GULFPORT	NAVOPSPTCEN GULFPORT
NAVOPSPTCEN HARLINGEN	NAVOPSPTCEN HARLINGEN
NAVOPSPTCEN HARRISBURG	NAVOPSPTCEN HARRISBURG
NAVOPSPTCEN HELENA	NAVOPSPTCEN HELENA
NAVOPSPTCEN HOUSTON	NAVOPSPTCEN HOUSTON
NAVOPSPTCEN INDIANAPOLIS	NAVOPSPTCEN INDIANAPOLIS
NAVOPSPTCEN JACKSONVILLE	NAVOPSPTCEN JACKSONVILLE
NAVOPSPTCEN KANSAS CITY	NAVOPSPTCEN KANSAS CITY
NAVOPSPTCEN KITSAP	NAVOPSPTCEN KITSAP
NAVOPSPTCEN KNOXVILLE	NAVOPSPTCEN KNOXVILLE
NAVOPSPTCEN LAS VEGAS	NAVOPSPTCEN LAS VEGAS
NAVOPSPTCEN LEHIGH VALLEY	NAVOPSPTCEN LEHIGH VALLEY
NAVOPSPTCEN LEMOORE	NAVOPSPTCEN LEMOORE
NAVOPSPTCEN LITTLE ROCK	NAVOPSPTCEN LITTLE ROCK
NAVOPSPTCEN LONG ISLAND	NAVOPSPTCEN LONG ISLAND
NAVOPSPTCEN LOS ANGELES	NAVOPSPTCEN LOS ANGELES
NAVOPSPTCEN LOUISVILLE	NAVOPSPTCEN LOUISVILLE
NAVOPSPTCEN MADISON	NAVOPSPTCEN MADISON
NAVOPSPTCEN MANCHESTER	NAVOPSPTCEN MANCHESTER
NAVOPSPTCEN MEMPHIS	NAVOPSPTCEN MEMPHIS
NAVOPSPTCEN MIAMI	NAVOPSPTCEN MIAMI
NAVOPSPTCEN MILWAUKEE	NAVOPSPTCEN MILWAUKEE
NAVOPSPTCEN MINNEAPOLIS	NAVOPSPTCEN MINNEAPOLIS
NAVOPSPTCEN MORENO VALLEY	NAVOPSPTCEN MORENO VALLEY
NAVOPSPTCEN NEW LONDON	NAVOPSPTCEN NEW LONDON
NAVOPSPTCEN NEW ORLEANS	NAVOPSPTCEN NEW ORLEANS
NAVOPSPTCEN NEW YORK CITY	NAVOPSPTCEN NEW YORK CITY
NAVOPSPTCEN NEWPORT RI	NAVOPSPTCEN NEWPORT RI
NAVOPSPTCEN NORFOLK	NAVOPSPTCEN NORFOLK
NAVOPSPTCEN NORTH ISLAND	NAVOPSPTCEN NORTH ISLAND
NAVOPSPTCEN OKLAHOMA CITY	NAVOPSPTCEN OKLAHOMA CITY
NAVOPSPTCEN OMAHA	NAVOPSPTCEN OMAHA
NAVOPSPTCEN ORLANDO	NAVOPSPTCEN ORLANDO
NAVOPSPTCEN PEARL HARBOR	NAVOPSPTCEN PEARL HARBOR
NAVOPSPTCEN PENSACOLA	NAVOPSPTCEN PENSACOLA
NAVOPSPTCEN PEORIA	NAVOPSPTCEN PEORIA
NAVOPSPTCEN PHOENIX	NAVOPSPTCEN PHOENIX
NAVOPSPTCEN PLAINVILLE	NAVOPSPTCEN PLAINVILLE
NAVOPSPTCEN PORTLAND	NAVOPSPTCEN PORTLAND
NAVOPSPTCEN PUERTO RICO	NAVOPSPTCEN PUERTO RICO
NAVOPSPTCEN QUINCY	NAVOPSPTCEN QUINCY
NAVOPSPTCEN RALEIGH	NAVOPSPTCEN RALEIGH
NAVOPSPTCEN RENO	NAVOPSPTCEN RENO
NAVOPSPTCEN ROANOKE	NAVOPSPTCEN ROANOKE
NAVOPSPTCEN ROCK ISLAND	NAVOPSPTCEN ROCK ISLAND
NAVOPSPTCEN SACRAMENTO	NAVOPSPTCEN SACRAMENTO
NAVOPSPTCEN SALT LAKE CITY	NAVOPSPTCEN SALT LAKE CITY
NAVOPSPTCEN SAN ANTONIO	NAVOPSPTCEN SAN ANTONIO
NAVOPSPTCEN SAN DIEGO	NAVOPSPTCEN SAN DIEGO
NAVOPSPTCEN SAN JOSE	NAVOPSPTCEN SAN JOSE
NAVOPSPTCEN SCHENECTADY	NAVOPSPTCEN SCHENECTADY
NAVOPSPTCEN SHREVEPORT	NAVOPSPTCEN SHREVEPORT
NAVOPSPTCEN SIOUX FALLS	NAVOPSPTCEN SIOUX FALLS
NAVOPSPTCEN SPOKANE	NAVOPSPTCEN SPOKANE
NAVOPSPTCEN SPRINGFIELD	NAVOPSPTCEN SPRINGFIELD
NAVOPSPTCEN ST LOUIS	NAVOPSPTCEN ST LOUIS
NAVOPSPTCEN SYRACUSE	NAVOPSPTCEN SYRACUSE
NAVOPSPTCEN TALLAHASSEE	NAVOPSPTCEN TALLAHASSEE
NAVOPSPTCEN TAMPA	NAVOPSPTCEN TAMPA
NAVOPSPTCEN TOLEDO	NAVOPSPTCEN TOLEDO
NAVOPSPTCEN TUCSON	NAVOPSPTCEN TUCSON
NAVOPSPTCEN TULSA	NAVOPSPTCEN TULSA
NAVOPSPTCEN VENTURA COUNTY	NAVOPSPTCEN VENTURA COUNTY
NAVOPSPTCEN WACO	NAVOPSPTCEN WACO
NAVOPSPTCEN WEST PALM BCH	NAVOPSPTCEN WEST PALM BCH
NAVOPSPTCEN WHDBY ISLAND	NAVOPSPTCEN WHDBY ISLAND
NAVOPSPTCEN WHITE RIVER JCT	NAVOPSPTCEN WHITE RIVER JCT
NAVOPSPTCEN WICHITA	NAVOPSPTCEN WICHITA
NAVOPSPTCEN WILMINGTON DE	NAVOPSPTCEN WILMINGTON DE
NAVOPSPTCEN WILMINGTON NC	NAVOPSPTCEN WILMINGTON NC
NAVSEA HQ	NAVSEA HQ
NAVSEA WASHINGTON DC	NAVSEA WASHINGTON DC
NAVSEALOGCENKYPTDIVNUWC	NAVSEALOGCENKYPTDIVNUWC
NAVSUP FLC  SIGONELLA BAHRAIN OFC	NAVSUP FLC  SIGONELLA BAHRAIN OFC
NAVSUP FLC SD ISSOP CODE 600	NAVSUP FLC SD ISSOP CODE 600
NAVSUP FLC SIGONELLA NAPLES OFFICE	NAVSUP FLC SIGONELLA NAPLES OFFICE
NAVSUP FLC YOKOSUKA SASEBO OFFICE	NAVSUP FLC YOKOSUKA SASEBO OFFICE
NAVSUP FLT LOG CTR  LONDON	NAVSUP FLT LOG CTR  LONDON
NAVSUP FLT LOG CTR  OKINAWA	NAVSUP FLT LOG CTR  OKINAWA
NAVSUP FLT LOG CTR  SAN DIEGO	NAVSUP FLT LOG CTR  SAN DIEGO
NAVSUP FLT LOG CTR  YOKOSUKA	NAVSUP FLT LOG CTR  YOKOSUKA
NAVSUP FLT LOG CTR HONG KONG	NAVSUP FLT LOG CTR HONG KONG
NAVSUP FLT LOG CTR JACKSONVILLE	NAVSUP FLT LOG CTR JACKSONVILLE
NAVSUP FLT LOG CTR NORFOLK	NAVSUP FLT LOG CTR NORFOLK
NAVSUP FLT LOG CTR PEARL HARBOR	NAVSUP FLT LOG CTR PEARL HARBOR
NAVSUP FLT LOG CTR PHILADELPHIA	NAVSUP FLT LOG CTR PHILADELPHIA
NAVSUP FLT LOG CTR PUGET SOUND	NAVSUP FLT LOG CTR PUGET SOUND
NAVSUP FLT LOG CTR SEAL BEACH	NAVSUP FLT LOG CTR SEAL BEACH
NAVSUP FLT LOG CTR SINGAPORE OFFICE	NAVSUP FLT LOG CTR SINGAPORE OFFICE
NAVSUP FLT LOG CTR WASHINGTON DC	NAVSUP FLT LOG CTR WASHINGTON DC
NAVSUP WEAPON SYSTEMS SUPPORT	NAVSUP WEAPON SYSTEMS SUPPORT
NAVSUP WEAPON SYSTEMS SUPPORT MECH	NAVSUP WEAPON SYSTEMS SUPPORT MECH
NAVY CRANE CENTER	NAVY CRANE CENTER
NAVY CYBER FORCES COMMAND NORFOLK	NAVY CYBER FORCES COMMAND NORFOLK
NAVY DRUG SCREENING LABORATORY	NAVY DRUG SCREENING LABORATORY
NAVY ELECTRONICS SYS ENG CEN NO	NAVY ELECTRONICS SYS ENG CEN NO
NAVY ENVIRONMENTAL HEALTH CENTER	NAVY ENVIRONMENTAL HEALTH CENTER
NAVY EXPEDITIONARY COMBAT COMMAND	NAVY EXPEDITIONARY COMBAT COMMAND
NAVY EXPEDITIONARY INTELLIGENCE CMD	NAVY EXPEDITIONARY INTELLIGENCE CMD
NAVY EXPEDITIONARY MD SUPPORT CMD	NAVY EXPEDITIONARY MD SUPPORT CMD
NAVY EXPERIMENTAL DIVING UNIT	NAVY EXPERIMENTAL DIVING UNIT
NAVY EXPLOSIVE ORDNANCE DISPOSAL	NAVY EXPLOSIVE ORDNANCE DISPOSAL
NAVY FACILITIES ENGINEERING COMMAND	NAVY FACILITIES ENGINEERING COMMAND
NAVY FLEET MATERIAL SUPPORT OFFI	NAVY FLEET MATERIAL SUPPORT OFFI
NAVY FLIGHT DEMONSTRATION SQDN	NAVY FLIGHT DEMONSTRATION SQDN
NAVY INFORMATION OPERATIONS COMMAND	NAVY INFORMATION OPERATIONS COMMAND
NAVY INFORMATION OPS CMD MARYLAND	NAVY INFORMATION OPS CMD MARYLAND
NAVY INSTALLATIONS COMMAND	NAVY INSTALLATIONS COMMAND
NAVY MANAGEMENT SYSTEMS SUPPORT	NAVY MANAGEMENT SYSTEMS SUPPORT
NAVY MANPOWER ANALYSIS CENTER	NAVY MANPOWER ANALYSIS CENTER
NAVY MANPOWER ANALYSIS CENTER -	NAVY MANPOWER ANALYSIS CENTER -
NAVY MANPOWER AND ANALYSIS CENTE	NAVY MANPOWER AND ANALYSIS CENTE
NAVY MANPOWER ENGINEERING FACILI	NAVY MANPOWER ENGINEERING FACILI
NAVY MARINE CORPS APPELLATE REVIEW	NAVY MARINE CORPS APPELLATE REVIEW
NAVY MEDICINE PROFESSIONAL	NAVY MEDICINE PROFESSIONAL
NAVY MUSIC PROGRAM MANAGEMENT	NAVY MUSIC PROGRAM MANAGEMENT
NAVY OCEAN SYSTEM CENTER	NAVY OCEAN SYSTEM CENTER
NAVY OCEAN SYSTEM CENTER CODE 50	NAVY OCEAN SYSTEM CENTER CODE 50
NAVY OCEAN SYSTEM CENTER CODE 70	NAVY OCEAN SYSTEM CENTER CODE 70
NAVY OCEAN SYSTEM CENTER NPRDC	NAVY OCEAN SYSTEM CENTER NPRDC
NAVY OPERATIONAL SUPPORT CENTER	NAVY OPERATIONAL SUPPORT CENTER
NAVY PAY AND PERSONNEL SUPPORT CENT	NAVY PAY AND PERSONNEL SUPPORT CENT
NAVY PERSONNEL COMMAND	NAVY PERSONNEL COMMAND
NAVY PERSONNEL RESEARCH STUDIES AND	NAVY PERSONNEL RESEARCH STUDIES AND
NAVY PUBLIC WORKS CENTER	NAVY PUBLIC WORKS CENTER
NAVY RECRUITING COMMAND	NAVY RECRUITING COMMAND
NAVY RECRUITING DIST JACKSONVILLE	NAVY RECRUITING DIST JACKSONVILLE
NAVY RECRUITING DIST NASHVILLE	NAVY RECRUITING DIST NASHVILLE
NAVY RECRUITING DIST NEW ENGLAND	NAVY RECRUITING DIST NEW ENGLAND
NAVY RECRUITING DIST PITTSBURGH	NAVY RECRUITING DIST PITTSBURGH
NAVY RECRUITING DIST SAN ANTONIO	NAVY RECRUITING DIST SAN ANTONIO
NAVY RECRUITING DISTRICT	NAVY RECRUITING DISTRICT
NAVY RECRUITING DISTRICT  ST LOUIS	NAVY RECRUITING DISTRICT  ST LOUIS
NAVY RECRUITING DISTRICT CHICAGO	NAVY RECRUITING DISTRICT CHICAGO
NAVY RECRUITING DISTRICT DALLAS	NAVY RECRUITING DISTRICT DALLAS
NAVY RECRUITING DISTRICT MIAMI	NAVY RECRUITING DISTRICT MIAMI
NAVY RECRUITING DISTRICT MICHIGAN	NAVY RECRUITING DISTRICT MICHIGAN
NAVY RECRUITING DISTRICT NEW YORK	NAVY RECRUITING DISTRICT NEW YORK
NAVY RECRUITING DISTRICT PHOENIX	NAVY RECRUITING DISTRICT PHOENIX
NAVY RECRUITING DISTRICT PORTLAND	NAVY RECRUITING DISTRICT PORTLAND
NAVY RECRUITING DISTRICT RALEIGH	NAVY RECRUITING DISTRICT RALEIGH
NAVY RECRUITING DISTRICT SAN DIEGO	NAVY RECRUITING DISTRICT SAN DIEGO
NAVY RECRUITING DISTRICT SAN FRA	NAVY RECRUITING DISTRICT SAN FRA
NAVY RECRUITING ORIENTATION UNIT	NAVY RECRUITING ORIENTATION UNIT
NAVY REGION CENTER SINGAPORE	NAVY REGION CENTER SINGAPORE
NAVY REGION MID ATLANTIC	NAVY REGION MID ATLANTIC
NAVY REGION MID ATLANTIC RESERVE	NAVY REGION MID ATLANTIC RESERVE
NAVY REGION NORTHEAST	NAVY REGION NORTHEAST
NAVY REGION NORTHWEST	NAVY REGION NORTHWEST
NAVY REGION NORTHWEST RESERVE	NAVY REGION NORTHWEST RESERVE
NAVY REGION SOUTHEAST CODE N323	NAVY REGION SOUTHEAST CODE N323
NAVY REGION SOUTHEAST RESERVE	NAVY REGION SOUTHEAST RESERVE
NAVY REGION SOUTHWEST	NAVY REGION SOUTHWEST
NAVY REGION SOUTHWEST RESERVE	NAVY REGION SOUTHWEST RESERVE
NAVY SECTION U.S. MILITARY TRN'G	NAVY SECTION U.S. MILITARY TRN'G
NAVY SUPPLY CENTER	NAVY SUPPLY CENTER
NAVY SUPPORT ACTIVITY	NAVY SUPPORT ACTIVITY
NAVY WARFARE DEVELOPMENT COMMAND	NAVY WARFARE DEVELOPMENT COMMAND
NAVY WEAPONS CENTER	NAVY WEAPONS CENTER
NAVY-MARINE CORPS PUBLIC HEALTH CTR	NAVY-MARINE CORPS PUBLIC HEALTH CTR
NAVYU ROTC HAMPTON ROADS	NAVYU ROTC HAMPTON ROADS
NAWC WD PT MUGU CA	NAWC WD PT MUGU CA
NCIS QUANTICO	NCIS QUANTICO
NCTAMS EURCENT	NCTAMS EURCENT
NCTAMSPAC PUGET SOUND	NCTAMSPAC PUGET SOUND
NECC PACIFIC	NECC PACIFIC
NGB CIO CTR OFF ATTN NGB-RCS-BO	NGB CIO CTR OFF ATTN NGB-RCS-BO
NGB-AQE	NGB-AQE
NMC CONUS WEST DIVISION	NMC CONUS WEST DIVISION
NMC UNIT SEAL BEACH	NMC UNIT SEAL BEACH
NMPC DET DRUG AND ALCOHOL PROGRA	NMPC DET DRUG AND ALCOHOL PROGRA
NORFOLK NAVAL SHIPYARD	NORFOLK NAVAL SHIPYARD
NORFOLK SHIP SUPPORT ACTIVITY	NORFOLK SHIP SUPPORT ACTIVITY
NOSC WILLOW GROVE  ASD	NOSC WILLOW GROVE  ASD
NOSCO PITTSBURGH	NOSCO PITTSBURGH
NRD ST LOUIS	NRD ST LOUIS
NROTC MARITIME COLLEGE BRONX	NROTC MARITIME COLLEGE BRONX
NROTC UNIT TULANE UNIVERSITY	NROTC UNIT TULANE UNIVERSITY
NROTC UNIT UNIVERSITY OF IDAHO	NROTC UNIT UNIVERSITY OF IDAHO
NROTCU  ILLINOIS INST OF TECHNOLOGY	NROTCU  ILLINOIS INST OF TECHNOLOGY
NROTCU  IOWA STATE UNIVERSITY	NROTCU  IOWA STATE UNIVERSITY
NROTCU  UNIV OF MINNESOTA	NROTCU  UNIV OF MINNESOTA
NROTCU ARIZONA STATE UNIVERSITY	NROTCU ARIZONA STATE UNIVERSITY
NROTCU AUBURN UNIVERSTIY	NROTCU AUBURN UNIVERSTIY
NROTCU CHICAGO AREA	NROTCU CHICAGO AREA
NROTCU COLL OF THE HOLY CROSS	NROTCU COLL OF THE HOLY CROSS
NROTCU COLLEGE OF THE HOLY CROSS	NROTCU COLLEGE OF THE HOLY CROSS
NROTCU CORNELL UNIVERSITY	NROTCU CORNELL UNIVERSITY
NROTCU EMBRY RIDDLE AERONAUTICAL UN	NROTCU EMBRY RIDDLE AERONAUTICAL UN
NROTCU FLORIDA  A&M  UNIV	NROTCU FLORIDA  A&M  UNIV
NROTCU GEORGE WASHINGTON UNIVERSITY	NROTCU GEORGE WASHINGTON UNIVERSITY
NROTCU GEORGIA INSTITUTE OF TECH	NROTCU GEORGIA INSTITUTE OF TECH
NROTCU HOUSTON CONSORTIUM	NROTCU HOUSTON CONSORTIUM
NROTCU JACKSONVILLE UNIVERSITY	NROTCU JACKSONVILLE UNIVERSITY
NROTCU MAINE MARITIME ACADEMY	NROTCU MAINE MARITIME ACADEMY
NROTCU MARQUETTE UNIV	NROTCU MARQUETTE UNIV
NROTCU MIAMI UNIV	NROTCU MIAMI UNIV
NROTCU MICHIGAN UNIVERSITY	NROTCU MICHIGAN UNIVERSITY
NROTCU NC PIEDMONT DUKE UNIV	NROTCU NC PIEDMONT DUKE UNIV
NROTCU NORWICH UNIVERSITY	NROTCU NORWICH UNIVERSITY
NROTCU OHIO STATE UNIVERSITY	NROTCU OHIO STATE UNIVERSITY
NROTCU OREGON STATE UNIV	NROTCU OREGON STATE UNIV
NROTCU PENNSYLVANIA STATE UNIV	NROTCU PENNSYLVANIA STATE UNIV
NROTCU PHILADELPHIA PA	NROTCU PHILADELPHIA PA
NROTCU PURDUE UNIV	NROTCU PURDUE UNIV
NROTCU RENSSELAER POLY INSTITUTE	NROTCU RENSSELAER POLY INSTITUTE
NROTCU RENSSELAER POLYTECHNIC INST	NROTCU RENSSELAER POLYTECHNIC INST
NROTCU SAVANNAH STATE COLLEGE	NROTCU SAVANNAH STATE COLLEGE
NROTCU SOUTHERN UNIV A&M COLLEGE	NROTCU SOUTHERN UNIV A&M COLLEGE
NROTCU TEXAS A AND M UNIV	NROTCU TEXAS A AND M UNIV
NROTCU THE CITADEL	NROTCU THE CITADEL
NROTCU UC BERKELEY	NROTCU UC BERKELEY
NROTCU UNIV OF CALIFORNIA	NROTCU UNIV OF CALIFORNIA
NROTCU UNIV OF ILLINOIS	NROTCU UNIV OF ILLINOIS
NROTCU UNIV OF MISSOURI	NROTCU UNIV OF MISSOURI
NROTCU UNIV OF NEBRASKA	NROTCU UNIV OF NEBRASKA
NROTCU UNIV OF NEW MEXICO	NROTCU UNIV OF NEW MEXICO
NROTCU UNIV OF NOTRE DAME	NROTCU UNIV OF NOTRE DAME
NROTCU UNIV OF OKLAHOMA	NROTCU UNIV OF OKLAHOMA
NROTCU UNIV OF SOUTH CAROLINA	NROTCU UNIV OF SOUTH CAROLINA
NROTCU UNIV OF SOUTHERN CALIFORNIA	NROTCU UNIV OF SOUTHERN CALIFORNIA
NROTCU UNIV OF WISCONSIN	NROTCU UNIV OF WISCONSIN
NROTCU UNIVERSITY OF ARIZONA	NROTCU UNIVERSITY OF ARIZONA
NROTCU UNIVERSITY OF COLORADO	NROTCU UNIVERSITY OF COLORADO
NROTCU UNIVERSITY OF FLORIDA	NROTCU UNIVERSITY OF FLORIDA
NROTCU UNIVERSITY OF ILLINOIS	NROTCU UNIVERSITY OF ILLINOIS
NROTCU UNIVERSITY OF KANSAS	NROTCU UNIVERSITY OF KANSAS
NROTCU UNIVERSITY OF ROCHESTER	NROTCU UNIVERSITY OF ROCHESTER
NROTCU UNIVERSITY OF SAN DIEGO	NROTCU UNIVERSITY OF SAN DIEGO
NROTCU UNIVERSITY OF SOUTH FLORIDA	NROTCU UNIVERSITY OF SOUTH FLORIDA
NROTCU UNIVERSITY OF UTAH	NROTCU UNIVERSITY OF UTAH
NROTCU UNIVERSITY OF VIRGINIA	NROTCU UNIVERSITY OF VIRGINIA
NROTCU UNIVERSITY OF WASHINGTON	NROTCU UNIVERSITY OF WASHINGTON
NROTCU VIRGINIA MILITARY INSTITUTE	NROTCU VIRGINIA MILITARY INSTITUTE
NROTCU VIRGINIA POLYTECHNIC	NROTCU VIRGINIA POLYTECHNIC
NRPS MONTGOMERY	NRPS MONTGOMERY
NSSA/DLA	NSSA/DLA
NSSF SUPPLY OPERATIONS	NSSF SUPPLY OPERATIONS
NSWC CARDEROCK	NSWC CARDEROCK
NSWC CARDEROCK DET PHILA	NSWC CARDEROCK DET PHILA
NSWC CRANE	NSWC CRANE
NSWC DAHLGREN	NSWC DAHLGREN
NSWC DAHLGREN VA	NSWC DAHLGREN VA
NSWC INDIAN HEAD EOD TECH DIV	NSWC INDIAN HEAD EOD TECH DIV
NSWC NAVAL EXPLOSIVE ORDNANCE	NSWC NAVAL EXPLOSIVE ORDNANCE
NUWC NEWPORT	NUWC NEWPORT
OC-ALC.LSD	OC-ALC.LSD
OC-ALC/LCD (KC135)	OC-ALC/LCD (KC135)
OC-ALC/LHD (B52)	OC-ALC/LHD (B52)
OC-ALC/LIDAC	OC-ALC/LIDAC
OC-ALC/LKD (CLS AIRCRAFT)	OC-ALC/LKD (CLS AIRCRAFT)
OCHR NORFOLK OPERATIONS CENTER	OCHR NORFOLK OPERATIONS CENTER
OCHR PHILADELPHIA OPS CENTER	OCHR PHILADELPHIA OPS CENTER
OCHR SAN DIEGO OPERATIONS CENTER	OCHR SAN DIEGO OPERATIONS CENTER
OCHR STENNIS OPERATIONS CENTER	OCHR STENNIS OPERATIONS CENTER
OFF OF NAVAL RESEARCH REGIONAL OFF	OFF OF NAVAL RESEARCH REGIONAL OFF
OFFICE NAME UNKNOWN:CREATED FOR DOD MIGRATION 2005	OFFICE NAME UNKNOWN:CREATED FOR DOD MIGRATION 2005
OFFICE OF NAVAL INTELLIGENCE	OFFICE OF NAVAL INTELLIGENCE
OFFICE OF NAVAL RESEARCH	OFFICE OF NAVAL RESEARCH
"OFFICE OF NAVAL RESEARCH, HEADQU"	"OFFICE OF NAVAL RESEARCH, HEADQU"
OGDEN ALC/PK	OGDEN ALC/PK
OGDEN ALC/PKM/LMK	OGDEN ALC/PKM/LMK
OGDEN ALC/PKO	OGDEN ALC/PKO
"DLA AVIATION AT OGDEN, UT"	"OGDEN, UT"
OKLAHOMA CITY ALC/LAD	OKLAHOMA CITY ALC/LAD
OKLAHOMA CITY ALC/LID	OKLAHOMA CITY ALC/LID
OKLAHOMA CITY ALC/LPD	OKLAHOMA CITY ALC/LPD
OKLAHOMA CITY ALC/PK	OKLAHOMA CITY ALC/PK
OKLAHOMA CITY ALC/PKO	OKLAHOMA CITY ALC/PKO
"DLA AVIATION AT OKLAHOMA CITY, OK"	"OKLAHOMA CITY, OK"
DLA OKLAHOMA CITY	"OKLAHOMA CITY, OK"
OL-YV ASC/YVK	OL-YV ASC/YVK
OO-ALC/CCB	OO-ALC/CCB
OO-ALC/LGFD	OO-ALC/LGFD
OO-ALC/PKC/LCK	OO-ALC/PKC/LCK
OO-ALC/PKGA/LGKAC	OO-ALC/PKGA/LGKAC
OO-ALC/PKGF/LGKF	OO-ALC/PKGF/LGKF
OO-ALC/PKGF/LGKFD	OO-ALC/PKGF/LGKFD
OO-ALC/PKHC/LHKC	OO-ALC/PKHC/LHKC
OO-ALC/PKHS/LHKS	OO-ALC/PKHS/LHKS
OO-ALC/PKI/LIK	OO-ALC/PKI/LIK
OO-ALC/PKME/LMKE	OO-ALC/PKME/LMKE
OO-ALC/PKMT	OO-ALC/PKMT
OO-ALC/PKT/YWK	OO-ALC/PKT/YWK
OO-ALC/PKW/WMK	OO-ALC/PKW/WMK
OPERATIONAL TEST & EVALUATION FO	OPERATIONAL TEST & EVALUATION FO
OPERATIONAL TEST AND EVALUATION	OPERATIONAL TEST AND EVALUATION
DLA AVAITION	UNSPECIFIED
DLA AVIATION	UNSPECIFIED
"DLA AVIATION AT CHERRY POINT, NC"	OTHER
DLA TROP SUPPORT C&E HARDWARE	UNSPECIFIED
PACIFIC MISSILE RANGE FACILITY	PACIFIC MISSILE RANGE FACILITY
PACIFIC MISSILE RANGE FACILITY H	PACIFIC MISSILE RANGE FACILITY H
PATROL SQUADRON 10	PATROL SQUADRON 10
PATROL SQUADRON VP 69	PATROL SQUADRON VP 69
PEARL HARBOR NAVAL SHIPYARD IMF	PEARL HARBOR NAVAL SHIPYARD IMF
PENSACOLA FL	PENSACOLA FL
PERSONNEL SUPPORT ACTIVITY	PERSONNEL SUPPORT ACTIVITY
"DLA AVIATION AT PHILADELPHIA, PA"	"PHILADELPHIA, PA"
PORT HUENEME DIVISION	PORT HUENEME DIVISION
PORTSMOUTH NAVAL SHIPYARD	PORTSMOUTH NAVAL SHIPYARD
PORTSMOUTH NAVAL SHIPYARD GF	PORTSMOUTH NAVAL SHIPYARD GF
PR 0013 HQ DET    CPS LOG PLNG TM	PR 0013 HQ DET    CPS LOG PLNG TM
PUBLIC WORKS DEPARTMENT GREAT LAKES	PUBLIC WORKS DEPARTMENT GREAT LAKES
PUBLIC WORKS DEPARTMENT MARIANAS	PUBLIC WORKS DEPARTMENT MARIANAS
PUBLIC WORKS DEPARTMENT YOKOSUKA	PUBLIC WORKS DEPARTMENT YOKOSUKA
PUGET SOUND NAVAL SHIPYARD IMF	PUGET SOUND NAVAL SHIPYARD IMF
RCO BAD KREUZNACH	RCO BAD KREUZNACH
RCO BENELUX	RCO BENELUX
RCO GRAFENWOEHR	RCO GRAFENWOEHR
RCO SECHENHEIM	RCO SECHENHEIM
RCO SECKENHEIM	RCO SECKENHEIM
RCO VICENZA	RCO VICENZA
RCO WUERZBURG	RCO WUERZBURG
RECEIVING OFFICER REGIONAL SUP OFC	RECEIVING OFFICER REGIONAL SUP OFC
RECRUIT TRAINING COMMAND	RECRUIT TRAINING COMMAND
DLA AVIATION RICHMOND VA	"RICHMOND, VA"
RIVERINE GROUP ONE	RIVERINE GROUP ONE
ROCK ISLAND ARSENAL	ROCK ISLAND ARSENAL
SAN ANTONIO ALC/LDK	SAN ANTONIO ALC/LDK
DLA AVIATION AT SAN DIEGO	OTHER
SCHOOL OF MUSIC	SCHOOL OF MUSIC
SEABEE CAMP ROTA	SEABEE CAMP ROTA
SHORE INTERMEDIATE MAINTENANCE A	SHORE INTERMEDIATE MAINTENANCE A
SIERRA ARMY DEPOT	SIERRA ARMY DEPOT
SINCUSNAVEURDETIBERLANT SUPCMP O	SINCUSNAVEURDETIBERLANT SUPCMP O
SMC/ADK	SMC/ADK
SMC/GPS	SMC/GPS
SMC/LRSW	SMC/LRSW
SMC/MCS	SMC/MCS
SMC/MR	SMC/MR
SMC/PIK	SMC/PIK
SMC/PK	SMC/PK
SMC/PK/PKX	SMC/PK/PKX
SMC/PK/PKX LOS ANGELES AFB	SMC/PK/PKX LOS ANGELES AFB
SMC/PKA LOS ANGELES AFB	SMC/PKA LOS ANGELES AFB
SMC/PKB	SMC/PKB
SMC/PKD OPERATIONAL CONTRACTING	SMC/PKD OPERATIONAL CONTRACTING
SMC/PKG LOS ANGELES AFB	SMC/PKG LOS ANGELES AFB
SMC/PKH LOS ANGELES AFB	SMC/PKH LOS ANGELES AFB
SMC/PKJ LOS ANGELES AFB	SMC/PKJ LOS ANGELES AFB
SMC/PKL	SMC/PKL
SMC/PKL LOS ANGELES AFB	SMC/PKL LOS ANGELES AFB
SMC/PKR LOS ANGELES AFB	SMC/PKR LOS ANGELES AFB
SMC/PKS LOS ANGELES AFB	SMC/PKS LOS ANGELES AFB
SMC/PKT	SMC/PKT
SMC/PKU	SMC/PKU
SMC/PKU KIRTLAND AFB	SMC/PKU KIRTLAND AFB
SMC/PKV LOS ANGELES AFB	SMC/PKV LOS ANGELES AFB
SMC/PKV1	SMC/PKV1
SMC/PKW	SMC/PKW
SMC/PKW LOS ANGELES AFB	SMC/PKW LOS ANGELES AFB
SMC/PKY	SMC/PKY
SMC/PKZ DEFENSE SUPPORT SYSTEMS	SMC/PKZ DEFENSE SUPPORT SYSTEMS
SMC/PKZ LOS ANGELES AFB	SMC/PKZ LOS ANGELES AFB
SMC/SCNG	SMC/SCNG
SMC/TR	SMC/TR
"SOLDIER SYSTEMS CMD, ACQ. CENTER"	"SOLDIER SYSTEMS CMD, ACQ. CENTER"
SOLDIER SYSTEMS COMMAND	SOLDIER SYSTEMS COMMAND
SOUTH CENTRAL REGIONAL MAINT CENTER	SOUTH CENTRAL REGIONAL MAINT CENTER
SOUTHEAST REGIONAL MAINT CENTER	SOUTHEAST REGIONAL MAINT CENTER
SOUTHWEST REGIONAL MAINT CENTER	SOUTHWEST REGIONAL MAINT CENTER
SPACE & NAVAL WARFARE SYSTEMS	SPACE & NAVAL WARFARE SYSTEMS
SPACE AND NAVAL WARFARE SYSTEMS	SPACE AND NAVAL WARFARE SYSTEMS
SPAWAR INFO TECH CENTER (SITC)	SPAWAR INFO TECH CENTER (SITC)
SPAWAR SYSTEMS   CENTER ATLANTIC	SPAWAR SYSTEMS   CENTER ATLANTIC
SPAWAR SYSTEMS CENTER ATLANTIC	SPAWAR SYSTEMS CENTER ATLANTIC
SPAWARSYSCEN ATLANTIC V53	SPAWARSYSCEN ATLANTIC V53
SPECIAL OPERATIONS COMMAND PACIFIC	SPECIAL OPERATIONS COMMAND PACIFIC
SPRMM1 DLA MECHANICSBURG	SPRMM1 DLA MECHANICSBURG
SRF AND JRMC YOKOSUKA	SRF AND JRMC YOKOSUKA
SSG/PK	SSG/PK
STRATEGIC COMMUNICATION WING ONE	STRATEGIC COMMUNICATION WING ONE
STRATEGIC COMMUNICATIONS WING 1	STRATEGIC COMMUNICATIONS WING 1
STRATEGIC SYSTEMS PROGRAMS	STRATEGIC SYSTEMS PROGRAMS
STRATEGIC WEAPONS FAC LANT FINANCIA	STRATEGIC WEAPONS FAC LANT FINANCIA
STRATEGIC WEAPONS FAC LANT MANPOWER	STRATEGIC WEAPONS FAC LANT MANPOWER
STRIKE FIGHTER SQUAD VFA 106 DET A	STRIKE FIGHTER SQUAD VFA 106 DET A
STRIKE FIGHTER SQUADRON 106	STRIKE FIGHTER SQUADRON 106
STRIKE FIGHTER SQUADRON 131	STRIKE FIGHTER SQUADRON 131
STRIKE FIGHTER SQUADRON 87   VFA 87	STRIKE FIGHTER SQUADRON 87   VFA 87
STRIKE FIGHTER WEAPONS SCHOOL	STRIKE FIGHTER WEAPONS SCHOOL
STRIKE FIGHTER WING U S PACIFIC	STRIKE FIGHTER WING U S PACIFIC
STRIKE FIGHTER WING US PAC FLEET	STRIKE FIGHTER WING US PAC FLEET
SUBMARINE LEARNING CENTER	SUBMARINE LEARNING CENTER
SUBMARINE SUPPORT CENTER NORFOLK	SUBMARINE SUPPORT CENTER NORFOLK
SUP OF SHIPBUILDING CONV AND REPAIR	SUP OF SHIPBUILDING CONV AND REPAIR
SUPERINTENDENT US NAVAL ACADEMY	SUPERINTENDENT US NAVAL ACADEMY
SUPERVISOR OF SHIPBLDG CONVERSION	SUPERVISOR OF SHIPBLDG CONVERSION
SUPERVISOR SHIPBLDG CONVERSION RPR	SUPERVISOR SHIPBLDG CONVERSION RPR
SUPERVISOR SHIPBUILDING CONVERSI	SUPERVISOR SHIPBUILDING CONVERSI
"SUPPLY & LOGISTICS OP,PURCHASE D"	"SUPPLY & LOGISTICS OP,PURCHASE D"
SUPPLY DEPARTMENT NAVAL AIR STAT	SUPPLY DEPARTMENT NAVAL AIR STAT
SUPPLY DIRECTORATE	SUPPLY DIRECTORATE
SUPPLY OFFICER	SUPPLY OFFICER
SUPPLY OFFICER DSN 431-2453	SUPPLY OFFICER DSN 431-2453
"SUPRTDT, USA MILITARY ACADEMY"	"SUPRTDT, USA MILITARY ACADEMY"
SUPSHIP CONVERSION AND REPAIR	SUPSHIP CONVERSION AND REPAIR
SUPSHIPS GULF COAST MS	SUPSHIPS GULF COAST MS
SURFACE COMBAT SYSTEMS CENTER	SURFACE COMBAT SYSTEMS CENTER
TACOM - ANNISTON	TACOM - ANNISTON
TACOM - PICATINNY	TACOM - PICATINNY
TACOM - TEXARKANA	TACOM - TEXARKANA
TACOM - WARREN	TACOM - WARREN
TACOM ROCK ISLAND	TACOM ROCK ISLAND
TACTICAL TRAINING GROUP PACIFIC	TACTICAL TRAINING GROUP PACIFIC
TAGOS SUPPORT UNIT ATLANTIC	TAGOS SUPPORT UNIT ATLANTIC
THE UNIVERSITY OF TEXAS AT AUSTIN	THE UNIVERSITY OF TEXAS AT AUSTIN
TOOELE ARMY DEPOT CONTRACTING OF	TOOELE ARMY DEPOT CONTRACTING OF
TRADOC CONTRACTING ACTIVITY	TRADOC CONTRACTING ACTIVITY
TRAINING SUPPORT CENTER	TRAINING SUPPORT CENTER
TRANSATLANTIC PROGRAM CENTER	TRANSATLANTIC PROGRAM CENTER
TRIDENT REFIT FACILITY	TRIDENT REFIT FACILITY
TRIPLER ARMY MEDICAL CENTER	TRIPLER ARMY MEDICAL CENTER
TWENTY SECOND NAVAL CONST REGIMENT	TWENTY SECOND NAVAL CONST REGIMENT
U S FLEET FORCES COMMAND	U S FLEET FORCES COMMAND
U S NAVAL FORCES SOUTHERN COMMAND	U S NAVAL FORCES SOUTHERN COMMAND
U S NAVAL HOSPITAL   GUAM	U S NAVAL HOSPITAL   GUAM
U S PACIFIC FLEET	U S PACIFIC FLEET
U. S. ARMY ENGINEER CENTER	U. S. ARMY ENGINEER CENTER
U.S. ARMY AIR DEF ARTILLERY CTR	U.S. ARMY AIR DEF ARTILLERY CTR
U.S. ARMY ARMOR CENTER AND FORT	U.S. ARMY ARMOR CENTER AND FORT
U.S. ARMY ATEC CONTRNG ACTIVITY	U.S. ARMY ATEC CONTRNG ACTIVITY
U.S. ARMY AVIATION CENTER	U.S. ARMY AVIATION CENTER
U.S. ARMY CENTRAL CMD - KUWAIT	U.S. ARMY CENTRAL CMD - KUWAIT
"U.S. ARMY CENTRAL COMMAND, QATAR"	"U.S. ARMY CENTRAL COMMAND, QATAR"
U.S. ARMY CHEMICAL & MIL. POLICE	U.S. ARMY CHEMICAL & MIL. POLICE
U.S. ARMY COMBINED ARMS CTR & FT	U.S. ARMY COMBINED ARMS CTR & FT
U.S. ARMY COMBINED ARMS SUPPORT	U.S. ARMY COMBINED ARMS SUPPORT
"U.S. ARMY CONTRACTING ELEMENT, P"	"U.S. ARMY CONTRACTING ELEMENT, P"
U.S. ARMY ENGINEER AND SUPPORT	U.S. ARMY ENGINEER AND SUPPORT
U.S. ARMY ENGR CTR & FT LEONARD	U.S. ARMY ENGR CTR & FT LEONARD
U.S. ARMY FIELD ARTILLERY CENTER	U.S. ARMY FIELD ARTILLERY CENTER
"U.S. ARMY GARRISON, ALASKA"	"U.S. ARMY GARRISON, ALASKA"
U.S. ARMY INDUSTRIAL OPERATIONS	U.S. ARMY INDUSTRIAL OPERATIONS
U.S. ARMY INFANTRY CENTER & FORT	U.S. ARMY INFANTRY CENTER & FORT
U.S. ARMY INTELLIGENCE CENTER &	U.S. ARMY INTELLIGENCE CENTER &
U.S. ARMY MEDICAL COMMAND	U.S. ARMY MEDICAL COMMAND
U.S. ARMY RESEARCH LABORATORY	U.S. ARMY RESEARCH LABORATORY
U.S. ARMY RESEARCH OFFICE (ARO)	U.S. ARMY RESEARCH OFFICE (ARO)
U.S. ARMY SIGNAL CENTER & FORT	U.S. ARMY SIGNAL CENTER & FORT
U.S. ARMY SOUTH	U.S. ARMY SOUTH
U.S. ARMY SPACE COMMAND	U.S. ARMY SPACE COMMAND
U.S. ARMY TRNG CENTER & FT JACK-	U.S. ARMY TRNG CENTER & FT JACK-
"U.S. ARMY, PACIFIC"	"U.S. ARMY, PACIFIC"
U.S. FLEET & INDUSTRIAL SUPPLY C	U.S. FLEET & INDUSTRIAL SUPPLY C
U.S. MARINE CORP HDQTRS BATTALIO	U.S. MARINE CORP HDQTRS BATTALIO
U.S. MARINE CORPS	U.S. MARINE CORPS
U.S. MARINE CORPS AIR STATION YU	U.S. MARINE CORPS AIR STATION YU
U.S. MARINE CORPS BARRACKS	U.S. MARINE CORPS BARRACKS
U.S. MARINE CORPS EWTG ATLANTIC	U.S. MARINE CORPS EWTG ATLANTIC
U.S. MARINE CORPS FINANCE CENTER	U.S. MARINE CORPS FINANCE CENTER
U.S. MARINE CORPS REGIONAL CONTR	U.S. MARINE CORPS REGIONAL CONTR
U.S. MARINE CORPS RESERVES	U.S. MARINE CORPS RESERVES
U.S. MARINE CORPS SYSCOM MCTSSA	U.S. MARINE CORPS SYSCOM MCTSSA
"U.S. NAVAL FORCES MARIANAS, GUAM"	"U.S. NAVAL FORCES MARIANAS, GUAM"
U.S. NAVAL STATION	U.S. NAVAL STATION
U.S. NAVY MEDICAL RESEARCH UNIT	U.S. NAVY MEDICAL RESEARCH UNIT
U.S. SOUTHERN COMMAND	U.S. SOUTHERN COMMAND
U.S.NAVEL REGIONAL CONTRACTING	U.S.NAVEL REGIONAL CONTRACTING
UNDERSEA SURVEILLANCE	UNDERSEA SURVEILLANCE
UNDERSEA SURVEILLANCE US ATLANTI	UNDERSEA SURVEILLANCE US ATLANTI
UNDERWATER CONSTRUCTION TEAM 1	UNDERWATER CONSTRUCTION TEAM 1
UNITED STATES MILITARY ACADEMY	UNITED STATES MILITARY ACADEMY
"US ARMY GARRISON, HAWAII"	"US ARMY GARRISON, HAWAII"
US ARMY MEDICAL RESEARCH ACQ ACT	US ARMY MEDICAL RESEARCH ACQ ACT
US ARMY ROBERT MORRIS ACQUISITIO	US ARMY ROBERT MORRIS ACQUISITIO
US NAVAL ACADEMY	US NAVAL ACADEMY
US NAVAL AIR FACILITY ATSUGI	US NAVAL AIR FACILITY ATSUGI
US NAVAL AIR STATION KEFLAVIK	US NAVAL AIR STATION KEFLAVIK
US NAVAL AIR STATION SIGONELLA	US NAVAL AIR STATION SIGONELLA
US NAVAL ANTARCTIC SUPPORT UNIT	US NAVAL ANTARCTIC SUPPORT UNIT
US NAVAL HOSPITAL GUANTANAMO BAY	US NAVAL HOSPITAL GUANTANAMO BAY
US NAVAL HOSPITAL MEDICAL WAREHOUSE	US NAVAL HOSPITAL MEDICAL WAREHOUSE
US NAVAL HOSPITAL OKINAWA	US NAVAL HOSPITAL OKINAWA
US NAVAL HOSPITAL ROTA SPAIN	US NAVAL HOSPITAL ROTA SPAIN
US NAVAL HOSPITAL SIGONELLA	US NAVAL HOSPITAL SIGONELLA
"US NAVAL HOSPITAL, OKINAWA"	"US NAVAL HOSPITAL, OKINAWA"
US NAVAL MEDICAL RESEARCH UNIT NO 3	US NAVAL MEDICAL RESEARCH UNIT NO 3
US NAVAL SECURITY GROUP ACTIVITY	US NAVAL SECURITY GROUP ACTIVITY
US NAVAL STATION	US NAVAL STATION
US NAVAL STATION ROTA SPAIN	US NAVAL STATION ROTA SPAIN
"US PACIFIC COMMAND, HEADQUARTERS"	"US PACIFIC COMMAND, HEADQUARTERS"
USA AVIATION AND MISSILE COMMAND	USA AVIATION AND MISSILE COMMAND
USA CENTRAL CMD - SAUDI ARABIA	USA CENTRAL CMD - SAUDI ARABIA
USA CENTRAL COMMAND - AFGHANISTA	USA CENTRAL COMMAND - AFGHANISTA
USA CENTRAL COMMAND - KUWAIT	USA CENTRAL COMMAND - KUWAIT
USA CENTRAL COMMAND - QATAR	USA CENTRAL COMMAND - QATAR
USA CENTRAL COMMAND - SAUDI ARAB	USA CENTRAL COMMAND - SAUDI ARAB
USA COLD REGIONS RESEARCH & EN-	USA COLD REGIONS RESEARCH & EN-
USA COMBAT EQUIPMENT GROUP-ASIA	USA COMBAT EQUIPMENT GROUP-ASIA
USA COMMUNICATIONS-ELECTRONICS	USA COMMUNICATIONS-ELECTRONICS
USA CONSTRUCTION ENGINEERING	USA CONSTRUCTION ENGINEERING
USA ENGINEER DIST ALBUQUERQUE	USA ENGINEER DIST ALBUQUERQUE
USA ENGINEER DIST BALTIMORE	USA ENGINEER DIST BALTIMORE
USA ENGINEER DIST BUFFALO	USA ENGINEER DIST BUFFALO
USA ENGINEER DIST CHICAGO	USA ENGINEER DIST CHICAGO
USA ENGINEER DIST JACKSONVILLE	USA ENGINEER DIST JACKSONVILLE
USA ENGINEER DIST LITTLE ROCK	USA ENGINEER DIST LITTLE ROCK
USA ENGINEER DIST LOS ANGELES	USA ENGINEER DIST LOS ANGELES
USA ENGINEER DIST LOUISVILLE	USA ENGINEER DIST LOUISVILLE
USA ENGINEER DIST MOBILE	USA ENGINEER DIST MOBILE
USA ENGINEER DIST NEW ENGLAND	USA ENGINEER DIST NEW ENGLAND
USA ENGINEER DIST NEW ORLEANS	USA ENGINEER DIST NEW ORLEANS
USA ENGINEER DIST ROCK ISLAND	USA ENGINEER DIST ROCK ISLAND
USA ENGINEER DIST SACRAMENTO	USA ENGINEER DIST SACRAMENTO
USA ENGINEER DIST SAN FRANCISCO	USA ENGINEER DIST SAN FRANCISCO
USA ENGINEER DISTRICT DETROIT	USA ENGINEER DISTRICT DETROIT
USA ENGINEER DISTRICT FORT WORTH	USA ENGINEER DISTRICT FORT WORTH
USA ENGINEER DISTRICT GALVESTON	USA ENGINEER DISTRICT GALVESTON
USA ENGINEER DISTRICT HUNTINGTON	USA ENGINEER DISTRICT HUNTINGTON
USA ENGINEER DISTRICT KANSAS CTY	USA ENGINEER DISTRICT KANSAS CTY
USA ENGINEER DISTRICT MEMPHIS	USA ENGINEER DISTRICT MEMPHIS
USA ENGINEER DISTRICT NEW YORK	USA ENGINEER DISTRICT NEW YORK
USA ENGINEER DISTRICT NORFOLK	USA ENGINEER DISTRICT NORFOLK
USA ENGINEER DISTRICT OMAHA	USA ENGINEER DISTRICT OMAHA
USA ENGINEER DISTRICT PHILADELPH	USA ENGINEER DISTRICT PHILADELPH
USA ENGINEER DISTRICT PITTSBURGH	USA ENGINEER DISTRICT PITTSBURGH
USA ENGINEER DISTRICT PORTLAND	USA ENGINEER DISTRICT PORTLAND
USA ENGINEER DISTRICT SEATTLE	USA ENGINEER DISTRICT SEATTLE
USA ENGINEER DISTRICT ST LOUIS	USA ENGINEER DISTRICT ST LOUIS
USA ENGINEER DISTRICT ST PAUL	USA ENGINEER DISTRICT ST PAUL
USA ENGINEER DISTRICT TULSA	USA ENGINEER DISTRICT TULSA
USA ENGINEER DISTRICT VICKSBURG	USA ENGINEER DISTRICT VICKSBURG
USA ENGINEER DISTRICT WALLA WALL	USA ENGINEER DISTRICT WALLA WALL
"USA ENGINEER DISTRICT,"	"USA ENGINEER DISTRICT,"
"USA ENGINEER DISTRICT, ALASKA"	"USA ENGINEER DISTRICT, ALASKA"
"USA ENGINEER DISTRICT, BALTIMORE"	"USA ENGINEER DISTRICT, BALTIMORE"
"USA ENGINEER DISTRICT, BUFFALO"	"USA ENGINEER DISTRICT, BUFFALO"
"USA ENGINEER DISTRICT, CHICAGO"	"USA ENGINEER DISTRICT, CHICAGO"
"USA ENGINEER DISTRICT, EUROPE"	"USA ENGINEER DISTRICT, EUROPE"
"USA ENGINEER DISTRICT, FAR EAST"	"USA ENGINEER DISTRICT, FAR EAST"
"USA ENGINEER DISTRICT, GALVESTON"	"USA ENGINEER DISTRICT, GALVESTON"
"USA ENGINEER DISTRICT, HONOLULU"	"USA ENGINEER DISTRICT, HONOLULU"
"USA ENGINEER DISTRICT, JAPAN"	"USA ENGINEER DISTRICT, JAPAN"
"USA ENGINEER DISTRICT, LITTLE"	"USA ENGINEER DISTRICT, LITTLE"
"USA ENGINEER DISTRICT, LOS"	"USA ENGINEER DISTRICT, LOS"
"USA ENGINEER DISTRICT, MOBILE"	"USA ENGINEER DISTRICT, MOBILE"
"USA ENGINEER DISTRICT, NASHVILLE"	"USA ENGINEER DISTRICT, NASHVILLE"
"USA ENGINEER DISTRICT, NEW ENGLA"	"USA ENGINEER DISTRICT, NEW ENGLA"
"USA ENGINEER DISTRICT, NEW YORK"	"USA ENGINEER DISTRICT, NEW YORK"
"USA ENGINEER DISTRICT, NORFOLK"	"USA ENGINEER DISTRICT, NORFOLK"
"USA ENGINEER DISTRICT, OMAHA"	"USA ENGINEER DISTRICT, OMAHA"
"USA ENGINEER DISTRICT, ROCK"	"USA ENGINEER DISTRICT, ROCK"
"USA ENGINEER DISTRICT, SACRAMNTO"	"USA ENGINEER DISTRICT, SACRAMNTO"
"USA ENGINEER DISTRICT, SEATTLE"	"USA ENGINEER DISTRICT, SEATTLE"
"USA ENGINEER DISTRICT, TULSA"	"USA ENGINEER DISTRICT, TULSA"
"USA ENGINEER DISTRICT,FORT WORTH"	"USA ENGINEER DISTRICT,FORT WORTH"
"USA ENGINEER DISTRICT,KANSAS CTY"	"USA ENGINEER DISTRICT,KANSAS CTY"
"USA ENGINEER DISTRICT,ST. LOUIS"	"USA ENGINEER DISTRICT,ST. LOUIS"
"USA ENGINEER DISTRICT,WILMINGTON"	"USA ENGINEER DISTRICT,WILMINGTON"
USA ENGINEER DIV HUNTSVILLE	USA ENGINEER DIV HUNTSVILLE
"USA ENGINEER DSTRCT, PHILADELPHA"	"USA ENGINEER DSTRCT, PHILADELPHA"
USA ENGINEER WATERWAYS EXP. STA.	USA ENGINEER WATERWAYS EXP. STA.
USA ENGR DISTR ALASKA	USA ENGR DISTR ALASKA
USA ENGR DISTR PACIFIC OCEAN	USA ENGR DISTR PACIFIC OCEAN
USA HUMPHREYS ENGINEER CENTER	USA HUMPHREYS ENGINEER CENTER
USA MATERIEL COMMAND ACQUISITION	USA MATERIEL COMMAND ACQUISITION
USA PROGRAM MANAGER-SANG	USA PROGRAM MANAGER-SANG
USA SPACE AND STRATEGIC DEF CDR	USA SPACE AND STRATEGIC DEF CDR
USA TOPOGRAPHIC ENGINEERING CENT	USA TOPOGRAPHIC ENGINEERING CENT
USPFO FOR ALABAMA	USPFO FOR ALABAMA
"USPFO FOR ALASKA, P&C DIVISION"	"USPFO FOR ALASKA, P&C DIVISION"
USPFO FOR ARIZONA	USPFO FOR ARIZONA
USPFO FOR ARKANSAS	USPFO FOR ARKANSAS
USPFO FOR CALIFORNIA	USPFO FOR CALIFORNIA
USPFO FOR COLORADO	USPFO FOR COLORADO
USPFO FOR CONNECTICUT	USPFO FOR CONNECTICUT
USPFO FOR DELAWARE	USPFO FOR DELAWARE
USPFO FOR DISTRICT OF COLUMBIA	USPFO FOR DISTRICT OF COLUMBIA
USPFO FOR FLORIDA	USPFO FOR FLORIDA
USPFO FOR GEORGIA	USPFO FOR GEORGIA
USPFO FOR GUAM	USPFO FOR GUAM
USPFO FOR HAWAII	USPFO FOR HAWAII
USPFO FOR IDAHO	USPFO FOR IDAHO
USPFO FOR ILLINOIS	USPFO FOR ILLINOIS
USPFO FOR INDIANA	USPFO FOR INDIANA
"USPFO FOR IOWA, CAMP DODGE"	"USPFO FOR IOWA, CAMP DODGE"
USPFO FOR KANSAS	USPFO FOR KANSAS
USPFO FOR KENTUCKY	USPFO FOR KENTUCKY
USPFO FOR LOUISIANA	USPFO FOR LOUISIANA
USPFO FOR MAINE	USPFO FOR MAINE
USPFO FOR MASSACHUSETTS	USPFO FOR MASSACHUSETTS
"USPFO FOR MD, STATE MIL RESERVA-"	"USPFO FOR MD, STATE MIL RESERVA-"
USPFO FOR MICHIGAN	USPFO FOR MICHIGAN
"USPFO FOR MINNESOTA, CAMP RILEY"	"USPFO FOR MINNESOTA, CAMP RILEY"
USPFO FOR MISSISSIPPI	USPFO FOR MISSISSIPPI
USPFO FOR MISSOURI	USPFO FOR MISSOURI
USPFO FOR MONTANA	USPFO FOR MONTANA
USPFO FOR NEBRASKA	USPFO FOR NEBRASKA
USPFO FOR NEVADA	USPFO FOR NEVADA
USPFO FOR NEW HAMPSHIRE	USPFO FOR NEW HAMPSHIRE
USPFO FOR NEW JERSEY	USPFO FOR NEW JERSEY
USPFO FOR NEW MEXICO	USPFO FOR NEW MEXICO
USPFO FOR NEW YORK	USPFO FOR NEW YORK
USPFO FOR NORTH CAROLINA	USPFO FOR NORTH CAROLINA
USPFO FOR NORTH DAKOTA	USPFO FOR NORTH DAKOTA
USPFO FOR OHIO	USPFO FOR OHIO
USPFO FOR OKLAHOMA	USPFO FOR OKLAHOMA
USPFO FOR OREGON	USPFO FOR OREGON
USPFO FOR PENNSYLVANIA	USPFO FOR PENNSYLVANIA
USPFO FOR PUERTO RICO	USPFO FOR PUERTO RICO
USPFO FOR RHODE ISLAND	USPFO FOR RHODE ISLAND
USPFO FOR SOUTH CAROLINA	USPFO FOR SOUTH CAROLINA
USPFO FOR SOUTH DAKOTA	USPFO FOR SOUTH DAKOTA
USPFO FOR TENNESSEE	USPFO FOR TENNESSEE
USPFO FOR TEXAS	USPFO FOR TEXAS
USPFO FOR UTAH	USPFO FOR UTAH
"USPFO FOR VERMONT, CAMP JOHNSON"	"USPFO FOR VERMONT, CAMP JOHNSON"
USPFO FOR VIRGIN ISLANDS	USPFO FOR VIRGIN ISLANDS
USPFO FOR VIRGINIA	USPFO FOR VIRGINIA
USPFO FOR WASHINGTON	USPFO FOR WASHINGTON
USPFO FOR WEST VIRGINIA	USPFO FOR WEST VIRGINIA
USPFO FOR WISCONSIN	USPFO FOR WISCONSIN
USPFO FOR WYOMING	USPFO FOR WYOMING
USS DWIGHT D EISENHOWER CVN 69	USS DWIGHT D EISENHOWER CVN 69
USS HARRY S TRUMAN	USS HARRY S TRUMAN
USS JOHN C STENNIS CVN 74	USS JOHN C STENNIS CVN 74
USS THEODORE ROOSEVELT CVN 71	USS THEODORE ROOSEVELT CVN 71
VFA 15	VFA 15
VICKSBURG CONSOLILDATED CONTRACT	VICKSBURG CONSOLILDATED CONTRACT
VP 26	VP 26
W00Y CONTR OFC DODAAC	W00Y CONTR OFC DODAAC
W071 ENDIST KANSAS CITY	W071 ENDIST KANSAS CITY
W071 ENDIST OMAHA	W071 ENDIST OMAHA
W071 ENDIST PORTLAND	W071 ENDIST PORTLAND
W071 ENDIST SEATTLE	W071 ENDIST SEATTLE
W071 ENDIST WALLA WALLA	W071 ENDIST WALLA WALLA
W072 ENDIST BUFFALO	W072 ENDIST BUFFALO
W072 ENDIST CHICAGO	W072 ENDIST CHICAGO
W072 ENDIST DETROIT	W072 ENDIST DETROIT
W072 ENDIST HUNTINGTON	W072 ENDIST HUNTINGTON
W072 ENDIST LOUISVILLE	W072 ENDIST LOUISVILLE
W072 ENDIST NASHVILLE	W072 ENDIST NASHVILLE
W072 ENDIST PITTSBURGH	W072 ENDIST PITTSBURGH
W074 ENDIST CHARLESTON	W074 ENDIST CHARLESTON
W074 ENDIST JACKSNVLLE	W074 ENDIST JACKSNVLLE
W074 ENDIST MOBILE	W074 ENDIST MOBILE
W074 ENDIST SAVANNAH	W074 ENDIST SAVANNAH
W074 ENDIST WILMINGTON	W074 ENDIST WILMINGTON
W075 ENDIST ALBUQUERQUE	W075 ENDIST ALBUQUERQUE
W075 ENDIST LOS ANGELES	W075 ENDIST LOS ANGELES
W075 ENDIST SACRAMENTO	W075 ENDIST SACRAMENTO
W075 ENDIST SAN FRAN	W075 ENDIST SAN FRAN
W076 ENDIST FT WORTH	W076 ENDIST FT WORTH
W076 ENDIST GALVESTON	W076 ENDIST GALVESTON
W076 ENDIST LITTLE ROCK	W076 ENDIST LITTLE ROCK
W076 ENDIST TULSA	W076 ENDIST TULSA
W07V ENDIST MEMPHIS	W07V ENDIST MEMPHIS
W07V ENDIST N ORLEANS	W07V ENDIST N ORLEANS
W07V ENDIST ROCK ISLAND	W07V ENDIST ROCK ISLAND
W07V ENDIST ST LOUIS	W07V ENDIST ST LOUIS
W07V ENDIST ST PAUL	W07V ENDIST ST PAUL
W07V ENDIST VICKSBURG	W07V ENDIST VICKSBURG
W0DA USA STRATEGIC LOG ACT	W0DA USA STRATEGIC LOG ACT
W0K9 USA WATERVLIET ARSNL	W0K9 USA WATERVLIET ARSNL
W0L6 USA DEP LETTERKENY	W0L6 USA DEP LETTERKENY
W0L7 STK REC    ACCT BGAD	W0L7 STK REC    ACCT BGAD
W0LX ANNISTON DEPOT PROP DIV	W0LX ANNISTON DEPOT PROP DIV
W0MC USA DEP RED RIVER	W0MC USA DEP RED RIVER
W0ML USA DEP TOBYHANNA	W0ML USA DEP TOBYHANNA
W0MM TOOELE ARMY DEPOT	W0MM TOOELE ARMY DEPOT
W0MU USA DEP CORPUS CHRISTI	W0MU USA DEP CORPUS CHRISTI
W0QF HQ SURFACE DEPL&DISTR CMD	W0QF HQ SURFACE DEPL&DISTR CMD
W1DF AVIATION APPLIED TECH DIR	W1DF AVIATION APPLIED TECH DIR
W27P BAGHDAD OFFICE	W27P BAGHDAD OFFICE
W27P BUCCA ROC	W27P BUCCA ROC
W27P DELTA RCC	W27P DELTA RCC
W27P IRAQ RECON CONTRACT OFC	W27P IRAQ RECON CONTRACT OFC
W27P PARC FORCES	W27P PARC FORCES
W27P TFBSO	W27P TFBSO
W2R2 COLD RGNS RSCH ENG LAB	W2R2 COLD RGNS RSCH ENG LAB
W2R2 CONST ENGRG LAB	W2R2 CONST ENGRG LAB
W2R2 TOPO ENGRG LAB	W2R2 TOPO ENGRG LAB
W2R2 USA ENGR R AND D CTR	W2R2 USA ENGR R AND D CTR
W2SD ENDIST BALTIMORE	W2SD ENDIST BALTIMORE
W2SD ENDIST NEW ENGLAND	W2SD ENDIST NEW ENGLAND
W2SD ENDIST NEW YORK	W2SD ENDIST NEW YORK
W2SD ENDIST NORFOLK	W2SD ENDIST NORFOLK
W2SD ENDIST PHILADELPHIA	W2SD ENDIST PHILADELPHIA
W2SD FEST NAU1 EUROPE	W2SD FEST NAU1 EUROPE
W2SN ENDIST ALASKA	W2SN ENDIST ALASKA
W2SN ENDIST FAR EAST	W2SN ENDIST FAR EAST
W2SN ENDIST HONOLULU	W2SN ENDIST HONOLULU
W2SN ENDIST JAPAN	W2SN ENDIST JAPAN
W2TZ CONTR CTR OF EX	W2TZ CONTR CTR OF EX
W2V6 USA ENG SPT CTR HUNTSVIL	W2V6 USA ENG SPT CTR HUNTSVIL
W313 ARMY VISUAL INFO CENTER	W313 ARMY VISUAL INFO CENTER
W31R AFGHANISTAN AREA OFC	W31R AFGHANISTAN AREA OFC
W31R ENDIS GULF REGION	W31R ENDIS GULF REGION
W31R ENDIS MIDDLE EAST	W31R ENDIS MIDDLE EAST
W31R ENDIST AFGHANISTAN NORTH	W31R ENDIST AFGHANISTAN NORTH
W31R ENDIST AFGHANISTAN SOUTH	W31R ENDIST AFGHANISTAN SOUTH
W37W USA ELE NATL DEF UNIV	W37W USA ELE NATL DEF UNIV
"W390 CAMP STANLEY, TX"	"W390 CAMP STANLEY, TX"
W390 MCALESTER ARMY AMMO PLANT	W390 MCALESTER ARMY AMMO PLANT
W39L USA NG READINESS CENTER	W39L USA NG READINESS CENTER
W39Z STK REC ACCT-CRANE AAP	W39Z STK REC ACCT-CRANE AAP
W3ZL OFC PM SANG MOD PROG	W3ZL OFC PM SANG MOD PROG
W40M EUR REGIONAL CONTRACT OFC	W40M EUR REGIONAL CONTRACT OFC
W40M NORTHEREGION CONTRACT OFC	W40M NORTHEREGION CONTRACT OFC
W40M PACIFIC RGNL CNTRG OFC	W40M PACIFIC RGNL CNTRG OFC
W40M SOUTH RGNL CONTR OFC EAST	W40M SOUTH RGNL CONTR OFC EAST
W40M USA MEDCOM HCAA	W40M USA MEDCOM HCAA
W40M WESTERN RGNL CNTRG OFC MA	W40M WESTERN RGNL CNTRG OFC MA
W453 JIATFS	W453 JIATFS
W4GG HQ US ARMY TACOM	W4GG HQ US ARMY TACOM
W4LD USA HECSA	W4LD USA HECSA
W4MM USA JOINT MUNITIONS CMD	W4MM USA JOINT MUNITIONS CMD
W4PZ USA MED RSCH ACQUIS ACT	W4PZ USA MED RSCH ACQUIS ACT
W4T8 USASMDC HUNTSVILLE	W4T8 USASMDC HUNTSVILLE
W6DY PEO EIS FT DETRICK SPT	W6DY PEO EIS FT DETRICK SPT
W6EC PEO STRI ORLANDO	W6EC PEO STRI ORLANDO
W6EV BAGHDAD RCO	W6EV BAGHDAD RCO
W6EV COMM TRANS SECTOR	W6EV COMM TRANS SECTOR
W6EV ELECTRICAL SECTOR	W6EV ELECTRICAL SECTOR
W6EV HILLAH RCO	W6EV HILLAH RCO
W6EV KIRKUK RCO	W6EV KIRKUK RCO
W6EV OIL SECTOR	W6EV OIL SECTOR
W6EV PUBLIC WORKS WATER SECTOR	W6EV PUBLIC WORKS WATER SECTOR
W6EV USAE IRAQ RECONSTRUC OFC	W6EV USAE IRAQ RECONSTRUC OFC
W6EX GRD NORTH DISTRICT	W6EX GRD NORTH DISTRICT
W6EX GRD SOUTH DISTRICT	W6EX GRD SOUTH DISTRICT
W6GZ ELE    CAS-BC	W6GZ ELE    CAS-BC
W6GZ ELE    JTSCC	W6GZ ELE    JTSCC
W6GZ ELE    MNSTC-I SUP DIV	W6GZ ELE    MNSTC-I SUP DIV
W6GZ ELE    RCC BAGRAM	W6GZ ELE    RCC BAGRAM
W6GZ ELE    RCC BALAD	W6GZ ELE    RCC BALAD
W6GZ ELE    RCC BASRAH	W6GZ ELE    RCC BASRAH
W6GZ ELE    RCC DELARAM	W6GZ ELE    RCC DELARAM
W6GZ ELE    RCC DWYER	W6GZ ELE    RCC DWYER
W6GZ ELE    RCC ECHO	W6GZ ELE    RCC ECHO
W6GZ ELE    RCC FENTY	W6GZ ELE    RCC FENTY
W6GZ ELE    RCC HERAT	W6GZ ELE    RCC HERAT
W6GZ ELE    RCC KABUL	W6GZ ELE    RCC KABUL
W6GZ ELE    RCC KANDAHAR	W6GZ ELE    RCC KANDAHAR
W6GZ ELE    RCC KIRKUK	W6GZ ELE    RCC KIRKUK
W6GZ ELE    RCC LEATHERNECK	W6GZ ELE    RCC LEATHERNECK
W6GZ ELE    RCC MAZAR E SHA	W6GZ ELE    RCC MAZAR E SHA
W6GZ ELE    RCC MOSUL	W6GZ ELE    RCC MOSUL
W6GZ ELE    RCC PHOENIX	W6GZ ELE    RCC PHOENIX
W6GZ ELE    RCC SALERNO	W6GZ ELE    RCC SALERNO
W6GZ ELE    RCC SHANK	W6GZ ELE    RCC SHANK
W6GZ ELE    RCC SHARANA	W6GZ ELE    RCC SHARANA
W6GZ ELE    RCC TAJI	W6GZ ELE    RCC TAJI
W6GZ ELE    RCC TALLIL	W6GZ ELE    RCC TALLIL
W6GZ ELE    RCC TIKRIT	W6GZ ELE    RCC TIKRIT
W6GZ ELE    RCC VICTORY	W6GZ ELE    RCC VICTORY
W6GZ ELE    TWR	W6GZ ELE    TWR
W6HP AMC ESA-A PROP BK TM TWO	W6HP AMC ESA-A PROP BK TM TWO
W6KD USACE EIT SVCS	W6KD USACE EIT SVCS
W6QK ACC-APG	W6QK ACC-APG
W6QK ACC-APG ADELPHI	W6QK ACC-APG ADELPHI
W6QK ACC-APG CONT CT SW SECTOR	W6QK ACC-APG CONT CT SW SECTOR
W6QK ACC-APG CONT CT WASH OFC	W6QK ACC-APG CONT CT WASH OFC
W6QK ACC-APG DENVER	W6QK ACC-APG DENVER
W6QK ACC-APG DIR	W6QK ACC-APG DIR
W6QK ACC-APG DURHAM	W6QK ACC-APG DURHAM
W6QK ACC-APG NATICK	W6QK ACC-APG NATICK
W6QK ACC-PICA	W6QK ACC-PICA
W6QK ACC-RI	W6QK ACC-RI
W6QK ACC-RSA	W6QK ACC-RSA
W6QK ACC-RSA COS	W6QK ACC-RSA COS
W6QK ACC-WRN	W6QK ACC-WRN
W6QK ADAP SPT OFF	W6QK ADAP SPT OFF
W6QK PBA CONTR OFF	W6QK PBA CONTR OFF
W6QK SIAD CONTR OFF	W6QK SIAD CONTR OFF
W6QM E&I OPS	W6QM E&I OPS
W6QM FT EUSTIS DOC	W6QM FT EUSTIS DOC
W6QM FT HAMILTON DOC	W6QM FT HAMILTON DOC
W6QM FT MONMOUTH DOC	W6QM FT MONMOUTH DOC
W6QM MICC CTR-FT BRAGG	W6QM MICC CTR-FT BRAGG
W6QM MICC CTR-FT DIX (RC)	W6QM MICC CTR-FT DIX (RC)
W6QM MICC CTR-FT EUSTIS	W6QM MICC CTR-FT EUSTIS
W6QM MICC CTR-FT KNOX	W6QM MICC CTR-FT KNOX
W6QM MICC CTR-FT SAM HOUSTON	W6QM MICC CTR-FT SAM HOUSTON
W6QM MICC CTR-YUMA PROV GRD	W6QM MICC CTR-YUMA PROV GRD
W6QM MICC FT LEE	W6QM MICC FT LEE
W6QM MICC-ARCC NORTH	W6QM MICC-ARCC NORTH
W6QM MICC-CARLISLE BARRACKS	W6QM MICC-CARLISLE BARRACKS
W6QM MICCC-FT JACKSON (RC-S)	W6QM MICCC-FT JACKSON (RC-S)
W6QM MICC-DUGWAY PROV GRD	W6QM MICC-DUGWAY PROV GRD
W6QM MICC-FORT BUCHANAN (RC)	W6QM MICC-FORT BUCHANAN (RC)
W6QM MICC-FT AP HILL	W6QM MICC-FT AP HILL
W6QM MICC-FT BELVOIR	W6QM MICC-FT BELVOIR
W6QM MICC-FT BENNING	W6QM MICC-FT BENNING
W6QM MICC-FT BLISS	W6QM MICC-FT BLISS
W6QM MICC-FT CAMPBELL	W6QM MICC-FT CAMPBELL
W6QM MICC-FT CARSON	W6QM MICC-FT CARSON
W6QM MICC-FT DIX (RC-E)	W6QM MICC-FT DIX (RC-E)
W6QM MICC-FT DRUM	W6QM MICC-FT DRUM
W6QM MICC-FT GORDON	W6QM MICC-FT GORDON
W6QM MICC-FT HOOD	W6QM MICC-FT HOOD
W6QM MICC-FT HUNTER (RC-W)	W6QM MICC-FT HUNTER (RC-W)
W6QM MICC-FT IRWIN	W6QM MICC-FT IRWIN
W6QM MICC-FT JACKSON	W6QM MICC-FT JACKSON
W6QM MICC-FT LEAVENWORTH	W6QM MICC-FT LEAVENWORTH
W6QM MICC-FT LEONARD WOOD	W6QM MICC-FT LEONARD WOOD
W6QM MICC-FT MEADE	W6QM MICC-FT MEADE
W6QM MICC-FT POLK	W6QM MICC-FT POLK
W6QM MICC-FT RILEY	W6QM MICC-FT RILEY
W6QM MICC-FT RUCKER	W6QM MICC-FT RUCKER
W6QM MICC-FT SILL	W6QM MICC-FT SILL
W6QM MICC-FT STEWART	W6QM MICC-FT STEWART
W6QM MICC-JB LEWIS-MC CHORD	W6QM MICC-JB LEWIS-MC CHORD
W6QM MICC-JB MYER-HENDERSON	W6QM MICC-JB MYER-HENDERSON
W6QM MICC-PRESIDIO (RC-W)	W6QM MICC-PRESIDIO (RC-W)
W6QM MICC-WEST POINT	W6QM MICC-WEST POINT
W6QM MICC-WHITE SANDS	W6QM MICC-WHITE SANDS
W6RN USA GEOSPATIAL CTR	W6RN USA GEOSPATIAL CTR
W7M0 USPFO ACTIVITY DE ARNG	W7M0 USPFO ACTIVITY DE ARNG
W7M1 USPFO ACTIVITY DC ARNG	W7M1 USPFO ACTIVITY DC ARNG
W7M2 USPFO ACTIVITY FL ARNG	W7M2 USPFO ACTIVITY FL ARNG
W7M3 USPFO ACTIVITY GA ARNG	W7M3 USPFO ACTIVITY GA ARNG
W7M4 USPFO ACTIVITY HI ARNG	W7M4 USPFO ACTIVITY HI ARNG
W7M5 USPFO ACTIVITY ID ARNG	W7M5 USPFO ACTIVITY ID ARNG
W7M6 USPFO ACTIVITY IL ARNG	W7M6 USPFO ACTIVITY IL ARNG
W7M7 USPFO ACTIVITY IN ARNG	W7M7 USPFO ACTIVITY IN ARNG
W7M8 USPFO ACTIVITY IA ARNG	W7M8 USPFO ACTIVITY IA ARNG
W7M9 USPFO ACTIVITY KS ARNG	W7M9 USPFO ACTIVITY KS ARNG
W7MT USPFO ACTIVITY AL ARNG	W7MT USPFO ACTIVITY AL ARNG
W7MU USPFO ACTIVITY AK ARNG	W7MU USPFO ACTIVITY AK ARNG
W7MV USPFO ACTIVITY AZ ARNG	W7MV USPFO ACTIVITY AZ ARNG
W7MW USPFO ACTIVITY AR ARNG	W7MW USPFO ACTIVITY AR ARNG
W7MX USPFO ACTIVITY CA ARNG	W7MX USPFO ACTIVITY CA ARNG
W7MY USPFO ACTIVITY CO ARNG	W7MY USPFO ACTIVITY CO ARNG
W7MZ USPFO ACTIVITY CT ARNG	W7MZ USPFO ACTIVITY CT ARNG
W7N0 USPFO ACTIVITY SD ARNG	W7N0 USPFO ACTIVITY SD ARNG
W7N1 USPFO ACTIVITY TN ARNG	W7N1 USPFO ACTIVITY TN ARNG
W7N2 USPFO ACTIVITY TX ARNG	W7N2 USPFO ACTIVITY TX ARNG
W7N3 USPFO ACTIVITY UT ARNG	W7N3 USPFO ACTIVITY UT ARNG
W7N4 USPFO ACTIVITY VT ARNG	W7N4 USPFO ACTIVITY VT ARNG
W7N5 USPFO ACTIVITY VA ARNG	W7N5 USPFO ACTIVITY VA ARNG
W7N6 USPFO ACTIVITY WA ARNG	W7N6 USPFO ACTIVITY WA ARNG
W7N7 USPFO ACTIVITY WV ARNG	W7N7 USPFO ACTIVITY WV ARNG
W7N8 USPFO ACTIVITY WI ARNG	W7N8 USPFO ACTIVITY WI ARNG
W7N9 USPFO ACTIVITY WY ARNG	W7N9 USPFO ACTIVITY WY ARNG
W7NA USPFO ACTIVITY KY ARNG	W7NA USPFO ACTIVITY KY ARNG
W7NB USPFO ACTIVITY LA ARNG	W7NB USPFO ACTIVITY LA ARNG
W7NC USPFO ACTIVITY ME ARNG	W7NC USPFO ACTIVITY ME ARNG
W7ND USPFO ACTIVITY MD ARNG	W7ND USPFO ACTIVITY MD ARNG
W7NE USPFO ACTIVITY MA ARNG	W7NE USPFO ACTIVITY MA ARNG
W7NF USPFO ACTIVITY MI ARNG	W7NF USPFO ACTIVITY MI ARNG
W7NG USPFO ACTIVITY MN ARNG	W7NG USPFO ACTIVITY MN ARNG
W7NH MSARNG USPFO ACTIVITY	W7NH MSARNG USPFO ACTIVITY
W7NJ USPFO ACTIVITY MO ARNG	W7NJ USPFO ACTIVITY MO ARNG
W7NK USPFO ACTIVITY MT ARNG	W7NK USPFO ACTIVITY MT ARNG
W7NL USPFO ACTIVITY NE ARNG	W7NL USPFO ACTIVITY NE ARNG
W7NM USPFO ACTIVITY NV ARNG	W7NM USPFO ACTIVITY NV ARNG
W7NN USPFO ACTIVITY NH ARNG	W7NN USPFO ACTIVITY NH ARNG
W7NP USPFO ACTIVITY NJ ARNG	W7NP USPFO ACTIVITY NJ ARNG
W7NQ USPFO ACTIVITY NM ARNG	W7NQ USPFO ACTIVITY NM ARNG
W7NR USPFO ACTIVITY NY ARNG	W7NR USPFO ACTIVITY NY ARNG
W7NS USPFO ACTIVITY NC ARNG	W7NS USPFO ACTIVITY NC ARNG
W7NT USPFO ACTIVITY ND ARNG	W7NT USPFO ACTIVITY ND ARNG
W7NU USPFO ACTIVITY OH ARNG	W7NU USPFO ACTIVITY OH ARNG
W7NV USPFO ACTIVITY OK ARNG	W7NV USPFO ACTIVITY OK ARNG
W7NW USPFO ACTIVITY OR ARNG	W7NW USPFO ACTIVITY OR ARNG
W7NX USPFO ACTIVITY PA ARNG	W7NX USPFO ACTIVITY PA ARNG
W7NY USPFO ACTIVITY RI ARNG	W7NY USPFO ACTIVITY RI ARNG
W7NZ USPFO ACTIVITY SC ARNG	W7NZ USPFO ACTIVITY SC ARNG
W7PA USPFO ACTIVITY PR ARNG	W7PA USPFO ACTIVITY PR ARNG
W7QP USPFO ACTIVITY GUAM ARNG	W7QP USPFO ACTIVITY GUAM ARNG
W7RQ USPFO ACTIVITY VI ARNG	W7RQ USPFO ACTIVITY VI ARNG
WALTER REED ARMY MEDICAL CENTER	WALTER REED ARMY MEDICAL CENTER
WALTER REED NATIONAL	WALTER REED NATIONAL
WARNER ROBBINS ALC/LNK	WARNER ROBBINS ALC/LNK
WARNER ROBINS AKC/LYK	WARNER ROBINS AKC/LYK
WARNER ROBINS ALC/LBK	WARNER ROBINS ALC/LBK
WARNER ROBINS ALC/LFK	WARNER ROBINS ALC/LFK
WARNER ROBINS ALC/LJK	WARNER ROBINS ALC/LJK
WARNER ROBINS ALC/LKK	WARNER ROBINS ALC/LKK
WARNER ROBINS ALC/LUK	WARNER ROBINS ALC/LUK
WARNER ROBINS ALC/LVK	WARNER ROBINS ALC/LVK
WARNER ROBINS ALC/PK	WARNER ROBINS ALC/PK
"DLA AVIATION AT WARNER ROBINS, GA"	"WARNER ROBINS, GA"
DLA WARNER ROBINS	"WARNER ROBINS, GA"
WATERVLIET ARSENAL	WATERVLIET ARSENAL
WEAPONS SUPPORT FACILITY	WEAPONS SUPPORT FACILITY
WIESBADEN CONTRACTING CENTER	WIESBADEN CONTRACTING CENTER
WIESBADEN REGIONAL CONTRNG. CTR.	WIESBADEN REGIONAL CONTRNG. CTR.
WILLIAM BEAUMONT ARMY MEDICAL	WILLIAM BEAUMONT ARMY MEDICAL
WL/FIKA ADV PROG BRANCH	WL/FIKA ADV PROG BRANCH
WR-ALC/LAK	WR-ALC/LAK
WR-ALC/LEKA	WR-ALC/LEKA
WR-ALC/LEKV	WR-ALC/LEKV
WR-ALC/LHK	WR-ALC/LHK
WR-ALC/LMKM	WR-ALC/LMKM
WR-ALC/LRK	WR-ALC/LRK
WR-ALC/LSK-AVIONICS	WR-ALC/LSK-AVIONICS
WR-ALC/LSK-EW SYSTEMS	WR-ALC/LSK-EW SYSTEMS
WR-ALC/LTKA	WR-ALC/LTKA
WR-ALC/LTKB	WR-ALC/LTKB
WR-ALC/LTKC	WR-ALC/LTKC
WR-ALC/LXKA	WR-ALC/LXKA
WR-ALC/LXKB	WR-ALC/LXKB
WR-ALC/LXKC	WR-ALC/LXKC
WR-ALC/PKF	WR-ALC/PKF
WR-ALC/PKO	WR-ALC/PKO
WSMR	WSMR
XR W1C9 ARLINGTON NATL CEM	XR W1C9 ARLINGTON NATL CEM
XR W6A8 USA E COM AND COMM CONT	XR W6A8 USA E COM AND COMM CONT
XR W6BA ACA  NRCC	XR W6BA ACA  NRCC
XR W6BA ACA CORAOPOLIS	XR W6BA ACA CORAOPOLIS
XR W6BA ACA DEVENS SATELLITE	XR W6BA ACA DEVENS SATELLITE
XR W6BA ACA FORT TOTTEN	XR W6BA ACA FORT TOTTEN
XR W6BA ACA LOS ALAMITOS	XR W6BA ACA LOS ALAMITOS
XR W6BA ACA MINNEAPOLIS	XR W6BA ACA MINNEAPOLIS
XR W6BA ACA NORTH LITTLE ROCK	XR W6BA ACA NORTH LITTLE ROCK
XR W6BA ACA SEATTLE SATELLITE	XR W6BA ACA SEATTLE SATELLITE
XR W6BA ACA WICHITA SATELLITE	XR W6BA ACA WICHITA SATELLITE
XR W6BP ACA TUZIA	XR W6BP ACA TUZIA
XR W6BV ACA SAUDI ARABIA	XR W6BV ACA SAUDI ARABIA
XR W6EX GRD CENTRAL DISTRICT	XR W6EX GRD CENTRAL DISTRICT
XR W6EX USAED GULF REGION	XR W6EX USAED GULF REGION
XRAW7NT USPFO ACTIVITY ND ARNG	XRAW7NT USPFO ACTIVITY ND ARNG
Uncategorized	Uncategorized